{
  "controller/Nomination-dbg.controller.js": 1751871667969,
  "utils/locate-reuse-libs.js": 1751394494769,
  "model/salesmodel.js": 1751394494585,
  "model/oDataHelper.js": 1751394494413,
  "model/models.js": 1751394494413,
  "model/formatter.js": 1751394494413,
  "localService/mockserver.js": 1751394493649,
  "localService/mockserver-dbg.js": 1751394493649,
  "localService/mockserver-dbg-dbg.js": 1751394493649,
  "controller/Nomination.controller.js": 1751871667969,
  "controller/App.controller.js": 1752047142603,
  "manifest.json": 1751394492985,
  "Component.js": 1751394492985,
  "model/oDataHelper-dbg.js": 1751394494413,
  "model/oDataHelper.js.map": 1752048068815,
  "model/salesmodel-dbg.js": 1751394494585,
  "model/salesmodel.js.map": 1752048068768,
  "utils/locate-reuse-libs-dbg.js": 1751394494769,
  "utils/locate-reuse-libs.js.map": 1752048068837,
  "model/models-dbg.js": 1751394494413,
  "model/models.js.map": 1752048068767,
  "model/formatter-dbg.js": 1751394494413,
  "model/formatter.js.map": 1752048068772,
  "localService/mockserver.js.map": 1752048068838,
  "localService/mockserver-dbg.js.map": 1752048068854,
  "localService/mockserver-dbg-dbg.js.map": 1752048068813,
  "localService/mockserver-dbg-dbg-dbg.js": 1751394493649,
  "i18n/i18n.properties": 1752048058996,
  "controller/Nomination.controller.js.map": 1752048068850,
  "controller/App-dbg.controller.js": 1752047142603,
  "controller/App.controller.js.map": 1752048068931,
  "Component-dbg.js": 1751394492985,
  "Component.js.map": 1752048068820,
  "Component-preload.js": 1752048069097,
  "Component-preload.js.map": 1752048069097,
  "localService/ZUI_LOG_SALESGAS_DAILY/metadata.xml": 1751394494281,
  "localService/ZUI_LOG_SALESGAS_DAILY/ZUI_SALESGAS_DAILY_Annotation.xml": 1751394494285,
  "localService/ZUI_LOG_GASPRODREP_YEARLY/metadata.xml": 1751394494161,
  "localService/ZUI_LOG_GASPRODREP_YEARLY/ZUI_SALESGAS_YEARLY_Annotation.xml": 1751394494161,
  "localService/ZUI_LOG_GASPRODREP_MONTHLY/metadata.xml": 1751394494033,
  "localService/ZUI_LOG_GASPRODREP_MONTHLY/ZUI_SALESGAS_MONTHLY_Annotation.xml": 1751394494033,
  "localService/ZUI_LOG_GASPRODREP_DAILY/metadata.xml": 1751394493901,
  "localService/ZUI_LOG_GASPRODREP_DAILY/ZUI_GASPRODREP_DAILY_Annotation.xml": 1751394493901,
  "localService/ZGW_GASPR_NOMINATION_SRV/metadata.xml": 1751394493797,
  "view/app.view.xml": 1751871317647,
  "view/Nomination.view.xml": 1752048030728,
  "localService/metadata.xml": 1751394493649,
  "fragment/valueContractHelpDialog.fragment.xml": 1751394493425,
  "css/style.css": 1751394493305,
  "index.html": 1751394492985
}