<edmx:Edmx xmlns:edmx="http://docs.oasis-open.org/odata/ns/edmx" Version="4.0">
    <edmx:Reference Uri="/sap/opu/odata/IWFND/CATALOGSERVICE;v=2/Vocabularies(TechnicalName='%2FIWBEP%2FVOC_COMMON',Version='0001',SAP__Origin='LOCAL')/$value">
        <edmx:Include Namespace="com.sap.vocabularies.Common.v1" Alias="Common"/>
    </edmx:Reference>
    <edmx:Reference Uri="/sap/opu/odata/IWFND/CATALOGSERVICE;v=2/Vocabularies(TechnicalName='%2FIWBEP%2FVOC_UI',Version='0001',SAP__Origin='LOCAL')/$value">
        <edmx:Include Namespace="com.sap.vocabularies.UI.v1" Alias="UI"/>
    </edmx:Reference>
    <edmx:Reference Uri="/sap/opu/odata/IWFND/CATALOGSERVICE;v=2/Vocabularies(TechnicalName='%2FIWBEP%2FVOC_COMMUNICATION',Version='0001',SAP__Origin='LOCAL')/$value">
        <edmx:Include Namespace="com.sap.vocabularies.Communication.v1" Alias="Communication"/>
    </edmx:Reference>
    <edmx:Reference Uri="/sap/opu/odata/sap/ZGW_UHAM_DAILY_PROD_MANAGEMENT_SRV/$metadata">
        <edmx:Include Namespace="ZGW_UHAM_DAILY_PROD_MANAGEMENT_SRV" Alias="PRP"/>
    </edmx:Reference>
    <edmx:DataServices>
        <Schema xmlns="http://docs.oasis-open.org/odata/ns/edm" Namespace="local1">
        <Annotations Target="PRP.HeadNet/ProdNet">
                <Annotation Term="Common.ValueList">
                    <Record Type="Common.ValueListType">
                        <PropertyValue Property="CollectionPath" String="ProdNetValueHelpSet" />
                        <PropertyValue Property="Parameters">
                            <Collection>
                                <Record Type="Common.ValueListParameterIn">
                                    <PropertyValue Property="LocalDataProperty" PropertyPath="ProdNet" />
                                    <PropertyValue Property="ValueListProperty" String="ProdNet" />
                                </Record>
                                <Record Type="Common.ValueListParameterInOut">
                                    <PropertyValue Property="LocalDataProperty" PropertyPath="ProdNet" />
                                    <PropertyValue Property="ValueListProperty" String="ProdNet" />
                                </Record>
                                <Record Type="Common.ValueListParameterOut">
                                    <PropertyValue Property="LocalDataProperty" PropertyPath="ProdNet" />
                                    <PropertyValue Property="ValueListProperty" String="ProdNetDesc" />
                                </Record>
                            </Collection>
                        </PropertyValue>
                    </Record>
                </Annotation>
            </Annotations>
        </Schema>
    </edmx:DataServices>
</edmx:Edmx>
