<?xml version="1.0" encoding="utf-8"?>
<edmx:Edmx Version="1.0" xmlns:edmx="http://schemas.microsoft.com/ado/2007/06/edmx" xmlns:m="http://schemas.microsoft.com/ado/2007/08/dataservices/metadata" xmlns:sap="http://www.sap.com/Protocols/SAPData">
    <edmx:Reference Uri="./sap/opu/odata/iwfnd/catalogservice;v=2/Vocabularies(TechnicalName='%2FIWBEP%2FVOC_AGGREGATION',Version='0001',SAP__Origin='LOCAL')/$value" xmlns:edmx="http://docs.oasis-open.org/odata/ns/edmx">
        <edmx:Include Namespace="Org.OData.Aggregation.V1" Alias="Aggregation"/>
    </edmx:Reference>
    <edmx:Reference Uri="./sap/opu/odata/iwfnd/catalogservice;v=2/Vocabularies(TechnicalName='%2FIWBEP%2FVOC_ANALYTICS',Version='0001',SAP__Origin='LOCAL')/$value" xmlns:edmx="http://docs.oasis-open.org/odata/ns/edmx">
        <edmx:Include Namespace="com.sap.vocabularies.Analytics.v1" Alias="Analytics"/>
    </edmx:Reference>
    <edmx:Reference Uri="./sap/opu/odata/iwfnd/catalogservice;v=2/Vocabularies(TechnicalName='%2FIWBEP%2FVOC_CAPABILITIES',Version='0001',SAP__Origin='LOCAL')/$value" xmlns:edmx="http://docs.oasis-open.org/odata/ns/edmx">
        <edmx:Include Namespace="Org.OData.Capabilities.V1" Alias="Capabilities"/>
    </edmx:Reference>
    <edmx:Reference Uri="./sap/opu/odata/iwfnd/catalogservice;v=2/Vocabularies(TechnicalName='%2FIWBEP%2FVOC_CODELIST',Version='0001',SAP__Origin='LOCAL')/$value" xmlns:edmx="http://docs.oasis-open.org/odata/ns/edmx">
        <edmx:Include Namespace="com.sap.vocabularies.CodeList.v1" Alias="SAP__CodeList"/>
    </edmx:Reference>
    <edmx:Reference Uri="./sap/opu/odata/iwfnd/catalogservice;v=2/Vocabularies(TechnicalName='%2FIWBEP%2FVOC_COMMON',Version='0001',SAP__Origin='LOCAL')/$value" xmlns:edmx="http://docs.oasis-open.org/odata/ns/edmx">
        <edmx:Include Namespace="com.sap.vocabularies.Common.v1" Alias="Common"/>
        <edmx:Include Namespace="com.sap.vocabularies.Common.v1" Alias="SAP__common"/>
    </edmx:Reference>
    <edmx:Reference Uri="./sap/opu/odata/iwfnd/catalogservice;v=2/Vocabularies(TechnicalName='%2FIWBEP%2FVOC_COMMUNICATION',Version='0001',SAP__Origin='LOCAL')/$value" xmlns:edmx="http://docs.oasis-open.org/odata/ns/edmx">
        <edmx:Include Namespace="com.sap.vocabularies.Communication.v1" Alias="Communication"/>
    </edmx:Reference>
    <edmx:Reference Uri="./sap/opu/odata/iwfnd/catalogservice;v=2/Vocabularies(TechnicalName='%2FIWBEP%2FVOC_CORE',Version='0001',SAP__Origin='LOCAL')/$value" xmlns:edmx="http://docs.oasis-open.org/odata/ns/edmx">
        <edmx:Include Namespace="Org.OData.Core.V1" Alias="SAP__core"/>
    </edmx:Reference>
    <edmx:Reference Uri="./sap/opu/odata/iwfnd/catalogservice;v=2/Vocabularies(TechnicalName='%2FIWBEP%2FVOC_MEASURES',Version='0001',SAP__Origin='LOCAL')/$value" xmlns:edmx="http://docs.oasis-open.org/odata/ns/edmx">
        <edmx:Include Namespace="Org.OData.Measures.V1" Alias="Measures"/>
    </edmx:Reference>
    <edmx:Reference Uri="./sap/opu/odata/iwfnd/catalogservice;v=2/Vocabularies(TechnicalName='%2FIWBEP%2FVOC_PDF',Version='0001',SAP__Origin='LOCAL')/$value" xmlns:edmx="http://docs.oasis-open.org/odata/ns/edmx">
        <edmx:Include Namespace="com.sap.vocabularies.PDF.v1" Alias="SAP__PDF"/>
    </edmx:Reference>
    <edmx:Reference Uri="./sap/opu/odata/iwfnd/catalogservice;v=2/Vocabularies(TechnicalName='%2FIWBEP%2FVOC_PERSONALDATA',Version='0001',SAP__Origin='LOCAL')/$value" xmlns:edmx="http://docs.oasis-open.org/odata/ns/edmx">
        <edmx:Include Namespace="com.sap.vocabularies.PersonalData.v1" Alias="PersonalData"/>
    </edmx:Reference>
    <edmx:Reference Uri="./sap/opu/odata/iwfnd/catalogservice;v=2/Vocabularies(TechnicalName='%2FIWBEP%2FVOC_UI',Version='0001',SAP__Origin='LOCAL')/$value" xmlns:edmx="http://docs.oasis-open.org/odata/ns/edmx">
        <edmx:Include Namespace="com.sap.vocabularies.UI.v1" Alias="UI"/>
    </edmx:Reference>
    <edmx:Reference Uri="./sap/opu/odata/iwfnd/catalogservice;v=2/Vocabularies(TechnicalName='%2FIWBEP%2FVOC_VALIDATION',Version='0001',SAP__Origin='LOCAL')/$value" xmlns:edmx="http://docs.oasis-open.org/odata/ns/edmx">
        <edmx:Include Namespace="Org.OData.Validation.V1" Alias="Validation"/>
    </edmx:Reference>
    <edmx:Reference Uri="./sap/opu/odata/iwfnd/catalogservice;v=2/Vocabularies(TechnicalName='SAP__SELF',Version='0001',SAP__Origin='LOCAL')/$value" xmlns:edmx="http://docs.oasis-open.org/odata/ns/edmx">
        <edmx:Include Namespace="com.sap.vocabularies.PDF.v1" Alias="SAP__PDF"/>
    </edmx:Reference>
    <edmx:DataServices m:DataServiceVersion="2.0">
        <Schema Namespace="cds_zsd_log_gasprodrep_daily" xml:lang="en" sap:schema-version="1" xmlns="http://schemas.microsoft.com/ado/2008/09/edm">
            <Annotation Term="Core.SchemaVersion" String="1.0.0" xmlns="http://docs.oasis-open.org/odata/ns/edm"/>
            <EntityType Name="GenerateType" sap:label="Custom entity for Generate Action" sap:content-version="1">
                <Key>
                    <PropertyRef Name="p_contract"/>
                    <PropertyRef Name="p_date"/>
                    <PropertyRef Name="Contract"/>
                </Key>
                <Property Name="p_contract" Type="Edm.String" Nullable="false" MaxLength="10" sap:display-format="UpperCase" sap:label="SD Document"/>
                <Property Name="p_date" Type="Edm.DateTime" Nullable="false" Precision="0" sap:display-format="Date" sap:label="Date"/>
                <Property Name="Contract" Type="Edm.String" Nullable="false" MaxLength="10" sap:display-format="UpperCase" sap:label="SD Document" sap:quickinfo="Sales and Distribution Document Number"/>
                <Property Name="Zdate" Type="Edm.DateTime" Precision="0" sap:display-format="Date" sap:label="Date"/>
                <Property Name="PrStatus" Type="Edm.String" MaxLength="1" sap:display-format="UpperCase" sap:label="PR Status" sap:quickinfo="Production Report Status"/>
                <Property Name="msgty" Type="Edm.String" MaxLength="1" sap:display-format="UpperCase" sap:label="Message Type" sap:quickinfo="ABAP System Field: Message Type"/>
                <Property Name="msg" Type="Edm.String" MaxLength="100" sap:display-format="UpperCase" sap:label="Character 100" sap:heading=""/>
                <NavigationProperty Name="Parameters" Relationship="cds_zsd_log_gasprodrep_daily.assoc_648B67DB387B53B739D2FB4C2BC06007" FromRole="ToRole_assoc_648B67DB387B53B739D2FB4C2BC06007" ToRole="FromRole_assoc_648B67DB387B53B739D2FB4C2BC06007" sap:filterable="false"/>
            </EntityType>
            <EntityType Name="GenerateParameters" sap:semantics="parameters" sap:content-version="1">
                <Key>
                    <PropertyRef Name="p_contract"/>
                    <PropertyRef Name="p_date"/>
                </Key>
                <Property Name="p_contract" Type="Edm.String" Nullable="false" MaxLength="10" sap:display-format="UpperCase" sap:parameter="mandatory" sap:label="SD Document" sap:creatable="false" sap:updatable="false" sap:sortable="false" sap:filterable="false"/>
                <Property Name="p_date" Type="Edm.DateTime" Nullable="false" Precision="0" sap:display-format="Date" sap:parameter="mandatory" sap:label="Date" sap:creatable="false" sap:updatable="false" sap:sortable="false" sap:filterable="false"/>
                <NavigationProperty Name="Set" Relationship="cds_zsd_log_gasprodrep_daily.assoc_648B67DB387B53B739D2FB4C2BC06007" FromRole="FromRole_assoc_648B67DB387B53B739D2FB4C2BC06007" ToRole="ToRole_assoc_648B67DB387B53B739D2FB4C2BC06007"/>
            </EntityType>
            <EntityType Name="PrintType" sap:label="Print Report for Gas Production report" sap:content-version="1">
                <Key>
                    <PropertyRef Name="p_contract"/>
                    <PropertyRef Name="p_date"/>
                    <PropertyRef Name="stream_data"/>
                </Key>
                <Property Name="p_contract" Type="Edm.String" Nullable="false" MaxLength="10" sap:display-format="UpperCase" sap:label="SD Document"/>
                <Property Name="p_date" Type="Edm.DateTime" Nullable="false" Precision="0" sap:display-format="Date" sap:label="Date"/>
                <Property Name="stream_data" Type="Edm.Binary" Nullable="false" sap:label="PDF Raw Data" sap:quickinfo="PDF Raw string"/>
                <NavigationProperty Name="Parameters" Relationship="cds_zsd_log_gasprodrep_daily.assoc_C164EA537F0DE9B540E35D44717C5F19" FromRole="ToRole_assoc_C164EA537F0DE9B540E35D44717C5F19" ToRole="FromRole_assoc_C164EA537F0DE9B540E35D44717C5F19" sap:filterable="false"/>
            </EntityType>
            <EntityType Name="PrintParameters" sap:semantics="parameters" sap:content-version="1">
                <Key>
                    <PropertyRef Name="p_contract"/>
                    <PropertyRef Name="p_date"/>
                </Key>
                <Property Name="p_contract" Type="Edm.String" Nullable="false" MaxLength="10" sap:display-format="UpperCase" sap:parameter="mandatory" sap:label="SD Document" sap:creatable="false" sap:updatable="false" sap:sortable="false" sap:filterable="false"/>
                <Property Name="p_date" Type="Edm.DateTime" Nullable="false" Precision="0" sap:display-format="Date" sap:parameter="mandatory" sap:label="Date" sap:creatable="false" sap:updatable="false" sap:sortable="false" sap:filterable="false"/>
                <NavigationProperty Name="Set" Relationship="cds_zsd_log_gasprodrep_daily.assoc_C164EA537F0DE9B540E35D44717C5F19" FromRole="FromRole_assoc_C164EA537F0DE9B540E35D44717C5F19" ToRole="ToRole_assoc_C164EA537F0DE9B540E35D44717C5F19"/>
            </EntityType>
            <EntityType Name="reviseType" sap:label="Custom entity for Revise Action" sap:content-version="1">
                <Key>
                    <PropertyRef Name="p_contract"/>
                    <PropertyRef Name="p_date"/>
                    <PropertyRef Name="Contract"/>
                </Key>
                <Property Name="p_contract" Type="Edm.String" Nullable="false" MaxLength="10" sap:display-format="UpperCase" sap:label="SD Document"/>
                <Property Name="p_date" Type="Edm.DateTime" Nullable="false" Precision="0" sap:display-format="Date" sap:label="Date"/>
                <Property Name="Contract" Type="Edm.String" Nullable="false" MaxLength="10" sap:display-format="UpperCase" sap:label="SD Document" sap:quickinfo="Sales and Distribution Document Number"/>
                <Property Name="Zdate" Type="Edm.DateTime" Precision="0" sap:display-format="Date" sap:label="Date"/>
                <Property Name="PrStatus" Type="Edm.String" MaxLength="1" sap:display-format="UpperCase" sap:label="PR Status" sap:quickinfo="Production Report Status"/>
                <Property Name="msgty" Type="Edm.String" MaxLength="1" sap:display-format="UpperCase" sap:label="Message Type" sap:quickinfo="ABAP System Field: Message Type"/>
                <Property Name="msg" Type="Edm.String" MaxLength="100" sap:display-format="UpperCase" sap:label="Character 100" sap:heading=""/>
                <NavigationProperty Name="Parameters" Relationship="cds_zsd_log_gasprodrep_daily.assoc_D3995CEE90E8F2EEF339C959901B2497" FromRole="ToRole_assoc_D3995CEE90E8F2EEF339C959901B2497" ToRole="FromRole_assoc_D3995CEE90E8F2EEF339C959901B2497" sap:filterable="false"/>
            </EntityType>
            <EntityType Name="reviseParameters" sap:semantics="parameters" sap:content-version="1">
                <Key>
                    <PropertyRef Name="p_contract"/>
                    <PropertyRef Name="p_date"/>
                </Key>
                <Property Name="p_contract" Type="Edm.String" Nullable="false" MaxLength="10" sap:display-format="UpperCase" sap:parameter="mandatory" sap:label="SD Document" sap:creatable="false" sap:updatable="false" sap:sortable="false" sap:filterable="false"/>
                <Property Name="p_date" Type="Edm.DateTime" Nullable="false" Precision="0" sap:display-format="Date" sap:parameter="mandatory" sap:label="Date" sap:creatable="false" sap:updatable="false" sap:sortable="false" sap:filterable="false"/>
                <NavigationProperty Name="Set" Relationship="cds_zsd_log_gasprodrep_daily.assoc_D3995CEE90E8F2EEF339C959901B2497" FromRole="FromRole_assoc_D3995CEE90E8F2EEF339C959901B2497" ToRole="ToRole_assoc_D3995CEE90E8F2EEF339C959901B2497"/>
            </EntityType>
            <EntityType Name="StaType" sap:label="Consumption view for Approval Status" sap:content-version="1">
                <Key>
                    <PropertyRef Name="Vbeln"/>
                    <PropertyRef Name="Zdate"/>
                </Key>
                <Property Name="Vbeln" Type="Edm.String" Nullable="false" MaxLength="10" sap:display-format="UpperCase" sap:label="SD Document" sap:quickinfo="Sales and Distribution Document Number"/>
                <Property Name="Zdate" Type="Edm.DateTime" Nullable="false" Precision="0" sap:display-format="Date" sap:label="Date"/>
                <Property Name="FromDate" Type="Edm.DateTime" Precision="0" sap:display-format="Date" sap:label="Date"/>
                <Property Name="FromTime" Type="Edm.Time" Precision="0" sap:label="Time"/>
                <Property Name="ToDate" Type="Edm.DateTime" Precision="0" sap:display-format="Date"/>
                <Property Name="ToTime" Type="Edm.Time" Precision="0"/>
                <Property Name="PrStatus" Type="Edm.String" MaxLength="1" sap:display-format="UpperCase" sap:label="PR Status" sap:quickinfo="Production Report Status"/>
                <Property Name="statusDesc" Type="Edm.String" MaxLength="60" sap:label="Approval Status Desc" sap:quickinfo="Approval Status Description"/>
                <NavigationProperty Name="to_daily" Relationship="cds_zsd_log_gasprodrep_daily.assoc_B594A4ECF5C00A295B70B382B097C790" FromRole="ToRole_assoc_B594A4ECF5C00A295B70B382B097C790" ToRole="FromRole_assoc_B594A4ECF5C00A295B70B382B097C790"/>
            </EntityType>
            <EntityType Name="dailyType" sap:label="Consumption view for GAS PR Daily" sap:content-version="1">
                <Key>
                    <PropertyRef Name="Vbeln"/>
                    <PropertyRef Name="Zdate"/>
                </Key>
                <Property Name="Update_mc" Type="Edm.Boolean" sap:label="Dyn. Method Control" sap:creatable="false" sap:updatable="false" sap:sortable="false" sap:filterable="false"/>
                <Property Name="to_nom_oc" Type="Edm.Boolean" sap:label="Dynamic CbA-Control" sap:creatable="false" sap:updatable="false" sap:sortable="false" sap:filterable="false"/>
                <Property Name="Vbeln" Type="Edm.String" Nullable="false" MaxLength="10" sap:display-format="UpperCase" sap:label="SD Document" sap:quickinfo="Sales and Distribution Document Number" sap:creatable="false" sap:updatable="false"/>
                <Property Name="Zdate" Type="Edm.DateTime" Nullable="false" Precision="0" sap:display-format="Date" sap:label="Date" sap:creatable="false" sap:updatable="false"/>
                <Property Name="Prdmmscf" Type="Edm.String" MaxLength="24" sap:creatable="false" sap:updatable="false"/>
                <Property Name="PrdmmscfQ" Type="Edm.Decimal" Precision="13" Scale="4" sap:label="Total Prod (MMSCF)" sap:quickinfo="Total Production (MMSCF)" sap:creatable="false" sap:updatable="false"/>
                <Property Name="Prdmmbtu" Type="Edm.String" MaxLength="24" sap:creatable="false" sap:updatable="false"/>
                <Property Name="PrdmmbtuQ" Type="Edm.Decimal" Precision="13" Scale="4" sap:label="Total Prod (MMBTU)" sap:quickinfo="Total Production (MMBTU)" sap:creatable="false" sap:updatable="false"/>
                <Property Name="Avgghv" Type="Edm.String" MaxLength="26" sap:creatable="false" sap:updatable="false"/>
                <Property Name="WTDAvgghv" Type="Edm.String" MaxLength="17"/>
                <Property Name="AvgghvQ" Type="Edm.Decimal" Precision="13" Scale="2" sap:creatable="false" sap:updatable="false"/>
                <Property Name="AvgghvSales" Type="Edm.String" MaxLength="26" sap:creatable="false" sap:updatable="false"/>
                <Property Name="AvgghvSalesQ" Type="Edm.Decimal" Precision="12" Scale="6" sap:label="Sales Avg GHV" sap:quickinfo="Daily Average GHV of Sales Gas (BTU/SCF)" sap:creatable="false" sap:updatable="false"/>
                <Property Name="Peakptime" Type="Edm.Time" Precision="0" sap:label="Time" sap:creatable="false" sap:updatable="false"/>
                <Property Name="Peakpressure" Type="Edm.String" MaxLength="24" sap:creatable="false" sap:updatable="false"/>
                <Property Name="PeakpressureQ" Type="Edm.Decimal" Precision="12" Scale="6" sap:label="Peak Pressure (barg)" sap:creatable="false" sap:updatable="false"/>
                <Property Name="C1mole" Type="Edm.Decimal" Precision="13" Scale="6" sap:label="C1 (Mole%)" sap:creatable="false" sap:updatable="false"/>
                <Property Name="C2mole" Type="Edm.Decimal" Precision="13" Scale="6" sap:label="C2 (Mole%)" sap:creatable="false" sap:updatable="false"/>
                <Property Name="C3mole" Type="Edm.Decimal" Precision="13" Scale="6" sap:label="C3 (Mole%)" sap:creatable="false" sap:updatable="false"/>
                <Property Name="C4mole" Type="Edm.Decimal" Precision="13" Scale="6" sap:label="C4 (Mole%)" sap:creatable="false" sap:updatable="false"/>
                <Property Name="C5mole" Type="Edm.Decimal" Precision="13" Scale="6" sap:label="C5+ (Mole%)"/>
                <Property Name="C6mole" Type="Edm.Decimal" Precision="13" Scale="6" sap:label="C6 (Mole%)"/>
                <Property Name="C7mole" Type="Edm.Decimal" Precision="13" Scale="6" sap:label="C7 (Mole%)"/>
                <Property Name="C8mole" Type="Edm.Decimal" Precision="13" Scale="6" sap:label="C8 (Mole%)"/>
                <Property Name="C9mole" Type="Edm.Decimal" Precision="13" Scale="6" sap:label="C9 (Mole%)"/>
                <Property Name="N2mole" Type="Edm.Decimal" Precision="13" Scale="6" sap:label="N2 (Mole%)" sap:creatable="false" sap:updatable="false"/>
                <Property Name="Co2mole" Type="Edm.Decimal" Precision="13" Scale="6" sap:label="CO2 (Mole%)" sap:creatable="false" sap:updatable="false"/>
                <Property Name="O2mole" Type="Edm.Decimal" Precision="13" Scale="6" sap:label="O2 (Mole%)" sap:creatable="false" sap:updatable="false"/>
                <Property Name="Moleweight" Type="Edm.Decimal" Precision="13" Scale="6" sap:label="Molecular Weight" sap:creatable="false" sap:updatable="false"/>
                <Property Name="Wobbeindex" Type="Edm.Decimal" Precision="13" Scale="6" sap:label="Wobbe Index(BTU/SCF)" sap:quickinfo="Wobbe Index (BTU/SCF)" sap:creatable="false" sap:updatable="false"/>
                <Property Name="H2sppm" Type="Edm.Decimal" Precision="6" Scale="2" sap:label="H2S (ppm)" sap:creatable="false" sap:updatable="false"/>
                <Property Name="Hcdew" Type="Edm.Decimal" Precision="6" Scale="2" sap:label="HC Dewpoint (?C)" sap:creatable="false" sap:updatable="false"/>
                <Property Name="H2odew" Type="Edm.Decimal" Precision="6" Scale="2" sap:label="H2O Dewpoint (?C)" sap:creatable="false" sap:updatable="false"/>
                <Property Name="Prdboe" Type="Edm.Decimal" Precision="13" Scale="3" sap:label="Daily Total (BOE)" sap:creatable="false" sap:updatable="false"/>
                <Property Name="PrStatus" Type="Edm.String" MaxLength="1" sap:display-format="UpperCase" sap:label="PR Status" sap:quickinfo="Production Report Status"/>
                <Property Name="GenerateEnable" Type="Edm.Boolean" sap:display-format="UpperCase" sap:label="TRUE" sap:quickinfo="Data element for domain BOOLE: TRUE (='X') and FALSE (=' ')" sap:sortable="false" sap:filterable="false"/>
                <Property Name="ReviseEnable" Type="Edm.Boolean" sap:display-format="UpperCase" sap:label="TRUE" sap:quickinfo="Data element for domain BOOLE: TRUE (='X') and FALSE (=' ')" sap:sortable="false" sap:filterable="false"/>
                <Property Name="PrintEnable" Type="Edm.Boolean" sap:display-format="UpperCase" sap:label="TRUE" sap:quickinfo="Data element for domain BOOLE: TRUE (='X') and FALSE (=' ')" sap:sortable="false" sap:filterable="false"/>
                <Property Name="UploadEnable" Type="Edm.Boolean" sap:display-format="UpperCase" sap:label="TRUE" sap:quickinfo="Data element for domain BOOLE: TRUE (='X') and FALSE (=' ')" sap:sortable="false" sap:filterable="false"/>
                <Property Name="DownloadEnable" Type="Edm.Boolean" sap:display-format="UpperCase" sap:label="TRUE" sap:quickinfo="Data element for domain BOOLE: TRUE (='X') and FALSE (=' ')" sap:sortable="false" sap:filterable="false"/>
                <NavigationProperty Name="to_hourly" Relationship="cds_zsd_log_gasprodrep_daily.assoc_4E4B3F914A5D6DB74AEC97152EDC36A9" FromRole="FromRole_assoc_4E4B3F914A5D6DB74AEC97152EDC36A9" ToRole="ToRole_assoc_4E4B3F914A5D6DB74AEC97152EDC36A9"/>
                <NavigationProperty Name="to_nom" Relationship="cds_zsd_log_gasprodrep_daily.assoc_E03AB485871A2A395472F8ED7AE662A3" FromRole="FromRole_assoc_E03AB485871A2A395472F8ED7AE662A3" ToRole="ToRole_assoc_E03AB485871A2A395472F8ED7AE662A3"/>
                <NavigationProperty Name="to_sta" Relationship="cds_zsd_log_gasprodrep_daily.assoc_B594A4ECF5C00A295B70B382B097C790" FromRole="FromRole_assoc_B594A4ECF5C00A295B70B382B097C790" ToRole="ToRole_assoc_B594A4ECF5C00A295B70B382B097C790"/>
                <NavigationProperty Name="to_status" Relationship="cds_zsd_log_gasprodrep_daily.assoc_916B046D5291219B4B1FA216CE9D2ECE" FromRole="FromRole_assoc_916B046D5291219B4B1FA216CE9D2ECE" ToRole="ToRole_assoc_916B046D5291219B4B1FA216CE9D2ECE"/>
            </EntityType>
            <EntityType Name="HourlyType" sap:label="Consumption view for GAS PR Hourly" sap:content-version="1">
                <Key>
                    <PropertyRef Name="Vbeln"/>
                    <PropertyRef Name="TimeStamp"/>
                </Key>
                <Property Name="Vbeln" Type="Edm.String" Nullable="false" MaxLength="10" sap:display-format="UpperCase" sap:label="Contract" sap:quickinfo="Sales and Distribution Document Number"/>
                <Property Name="TimeStamp" Type="Edm.Decimal" Nullable="false" Precision="15" Scale="0" sap:label="Time Stamp"/>
                <Property Name="Zdate" Type="Edm.DateTime" Precision="0" sap:display-format="Date" sap:label="Date"/>
                <Property Name="Ztims" Type="Edm.String" MaxLength="30" sap:label="Time"/>
                <Property Name="ZdateHour" Type="Edm.DateTime" Precision="0" sap:display-format="Date" sap:label="Hourly Date" sap:quickinfo="Date"/>
                <Property Name="Hrmmscf" Type="Edm.String" MaxLength="15" sap:label="Hourly Quantity (MMSCF)"/>
                <Property Name="Cummbtu" Type="Edm.String" MaxLength="15" sap:label="Cummulative Quantity (MMSCF)"/>
                <Property Name="Avgpressure" Type="Edm.String" MaxLength="15" sap:label="Peak Pressure"/>
                <Property Name="C1mole" Type="Edm.String" MaxLength="15" sap:label="C1 Mole"/>
                <Property Name="C2mole" Type="Edm.String" MaxLength="15" sap:label="C2 Mole"/>
                <Property Name="C3mole" Type="Edm.String" MaxLength="15" sap:label="C3 Mole"/>
                <Property Name="C4mole" Type="Edm.String" MaxLength="15" sap:label="C4 Mole"/>
                <Property Name="C5mole" Type="Edm.String" MaxLength="15" sap:label="C5+ Mole"/>
                <Property Name="C6mole" Type="Edm.String" MaxLength="15" sap:label="C6 Mole"/>
                <Property Name="C7mole" Type="Edm.String" MaxLength="15" sap:label="C7 Mole"/>
                <Property Name="C8mole" Type="Edm.String" MaxLength="15" sap:label="C8 Mole"/>
                <Property Name="C9mole" Type="Edm.String" MaxLength="15" sap:label="C9 Mole"/>
                <Property Name="N2mole" Type="Edm.String" MaxLength="15" sap:label="N2 Mole"/>
                <Property Name="Co2mole" Type="Edm.String" MaxLength="15" sap:label="CO2 Mole"/>
                <Property Name="O2mole" Type="Edm.String" MaxLength="15" sap:label="O2 Mole"/>
                <Property Name="Moleweight" Type="Edm.String" MaxLength="15" sap:label="Molecular Weight"/>
                <Property Name="Avgghv" Type="Edm.String" MaxLength="15" sap:label="Average GHV"/>
                <Property Name="Wobbeindex" Type="Edm.String" MaxLength="15" sap:label="Wobbe Index"/>
                <Property Name="H2sppm" Type="Edm.String" MaxLength="15" sap:label="H2S PPM"/>
                <Property Name="Hcdew" Type="Edm.String" MaxLength="15" sap:label="HC Dew"/>
                <Property Name="H2odew" Type="Edm.String" MaxLength="15" sap:label="H2O Dew"/>
                <NavigationProperty Name="to_daily" Relationship="cds_zsd_log_gasprodrep_daily.assoc_4E4B3F914A5D6DB74AEC97152EDC36A9" FromRole="ToRole_assoc_4E4B3F914A5D6DB74AEC97152EDC36A9" ToRole="FromRole_assoc_4E4B3F914A5D6DB74AEC97152EDC36A9"/>
            </EntityType>
            <EntityType Name="NomType" sap:label="Consumption view for Gas Production report Nomination" sap:content-version="1">
                <Key>
                    <PropertyRef Name="Vbeln"/>
                    <PropertyRef Name="Zdate"/>
                </Key>
                <Property Name="Vbeln" Type="Edm.String" Nullable="false" MaxLength="10" sap:display-format="UpperCase" sap:label="SD Document" sap:quickinfo="Sales and Distribution Document Number" sap:creatable="false" sap:updatable="false"/>
                <Property Name="Zdate" Type="Edm.DateTime" Nullable="false" Precision="0" sap:display-format="Date" sap:label="Date" sap:creatable="false" sap:updatable="false"/>
                <Property Name="Pstation1" Type="Edm.Decimal" Precision="13" Scale="0" sap:label="Erbil Power Station" sap:quickinfo="End User: Erbil Power Station" sap:creatable="false" sap:updatable="false"/>
                <Property Name="Pstation2" Type="Edm.Decimal" Precision="13" Scale="0" sap:label="End User: KAR" sap:creatable="false" sap:updatable="false"/>
                <Property Name="Pstation3" Type="Edm.Decimal" Precision="13" Scale="0" sap:label="Chemchemal P Station" sap:quickinfo="End User: Chemchemal Power Station" sap:creatable="false" sap:updatable="false"/>
                <Property Name="Pstation4" Type="Edm.Decimal" Precision="13" Scale="0" sap:label="Baizan Power Station" sap:quickinfo="End User: Baizan Power Station" sap:creatable="false" sap:updatable="false"/>
                <Property Name="Propernom" Type="Edm.String" MaxLength="24" sap:creatable="false" sap:updatable="false"/>
                <Property Name="Correctednom" Type="Edm.String" MaxLength="24" sap:creatable="false" sap:updatable="false"/>
                <Property Name="SellShort" Type="Edm.String" MaxLength="27" sap:creatable="false" sap:updatable="false"/>
                <Property Name="SellshortQ" Type="Edm.Decimal" Precision="13" Scale="3" sap:label="Seller Shortfall" sap:quickinfo="Seller Shortfall (MMSCF)" sap:creatable="false" sap:updatable="false"/>
                <Property Name="Quntmaint" Type="Edm.Decimal" Precision="13" Scale="3" sap:label="Qty Missed Maintenan" sap:quickinfo="Qty not achieved due to Maintenance (MMSCF)" sap:creatable="false" sap:updatable="false"/>
                <Property Name="Qunatfm" Type="Edm.Decimal" Precision="13" Scale="3" sap:label="Quantity not achieve" sap:quickinfo="Quantity not achieved sue to force majeure (MMSCF)" sap:creatable="false" sap:updatable="false"/>
                <Property Name="Qunstoffspec" Type="Edm.Decimal" Precision="13" Scale="3" sap:label="Qty not achieved" sap:quickinfo="Qty not achieved due to Offspec Gas (MMSCF)" sap:creatable="false" sap:updatable="false"/>
                <Property Name="ShortFall" Type="Edm.String" MaxLength="1" sap:display-format="UpperCase" sap:label="Shortfall Category" sap:value-list="fixed-values"/>
                <NavigationProperty Name="to_daily" Relationship="cds_zsd_log_gasprodrep_daily.assoc_E03AB485871A2A395472F8ED7AE662A3" FromRole="ToRole_assoc_E03AB485871A2A395472F8ED7AE662A3" ToRole="FromRole_assoc_E03AB485871A2A395472F8ED7AE662A3"/>
            </EntityType>
            <EntityType Name="StatusType" sap:label="Consumption view for GAS PR Status" sap:content-version="1">
                <Key>
                    <PropertyRef Name="Vbeln"/>
                    <PropertyRef Name="Prtype"/>
                    <PropertyRef Name="AppLevel"/>
                    <PropertyRef Name="Zdate"/>
                    <PropertyRef Name="Zyearmonth"/>
                    <PropertyRef Name="Zyear"/>
                </Key>
                <Property Name="Vbeln" Type="Edm.String" Nullable="false" MaxLength="10" sap:display-format="UpperCase" sap:label="SD Document" sap:quickinfo="Sales and Distribution Document Number"/>
                <Property Name="Prtype" Type="Edm.String" Nullable="false" MaxLength="1" sap:display-format="UpperCase" sap:label="PR Type" sap:quickinfo="Production Report type"/>
                <Property Name="AppLevel" Type="Edm.String" Nullable="false" MaxLength="1" sap:display-format="NonNegative" sap:label="Approval Level"/>
                <Property Name="Zdate" Type="Edm.DateTime" Nullable="false" Precision="0" sap:display-format="Date" sap:label="Date"/>
                <Property Name="Zyearmonth" Type="Edm.String" Nullable="false" MaxLength="6" sap:display-format="NonNegative" sap:label="Year Month"/>
                <Property Name="Zyear" Type="Edm.String" Nullable="false" MaxLength="4" sap:display-format="NonNegative" sap:label="Year"/>
                <Property Name="UserName" Type="Edm.String" MaxLength="80" sap:label="Full Name" sap:quickinfo="Full Name of Person"/>
                <Property Name="Status" Type="Edm.String" MaxLength="1" sap:display-format="UpperCase" sap:label="Status" sap:quickinfo="Workflow Status"/>
                <Property Name="StatusDesc" Type="Edm.String" MaxLength="60" sap:label="Approval Status Desc" sap:quickinfo="Approval Status Description"/>
                <Property Name="Comments" Type="Edm.String" MaxLength="50" sap:label="Approval Comments"/>
                <NavigationProperty Name="to_daily" Relationship="cds_zsd_log_gasprodrep_daily.assoc_916B046D5291219B4B1FA216CE9D2ECE" FromRole="ToRole_assoc_916B046D5291219B4B1FA216CE9D2ECE" ToRole="FromRole_assoc_916B046D5291219B4B1FA216CE9D2ECE"/>
            </EntityType>
            <EntityType Name="ZI_log_shortfall_categoryType" sap:label="Shortfall Category Dropdown" sap:value-list="true" sap:content-version="1">
                <Key>
                    <PropertyRef Name="ShortFall"/>
                </Key>
                <Property Name="ShortFall" Type="Edm.String" Nullable="false" MaxLength="1" sap:display-format="UpperCase" sap:text="ShortFallDesc" sap:label="ShortFall Category" sap:quickinfo="Shortfall Category"/>
                <Property Name="ShortFallDesc" Type="Edm.String" MaxLength="100" sap:label="Shortfall Cat Desc" sap:quickinfo="Shortfall Category Description"/>
            </EntityType>
            <EntityType Name="SAP__Currency" sap:content-version="1">
                <Key>
                    <PropertyRef Name="CurrencyCode"/>
                </Key>
                <Property Name="CurrencyCode" Type="Edm.String" Nullable="false" MaxLength="5" sap:label="Currency" sap:semantics="currency-code"/>
                <Property Name="ISOCode" Type="Edm.String" Nullable="false" MaxLength="3" sap:label="ISO code"/>
                <Property Name="Text" Type="Edm.String" Nullable="false" MaxLength="15" sap:label="Short text"/>
                <Property Name="DecimalPlaces" Type="Edm.Byte" Nullable="false" sap:label="Decimals"/>
            </EntityType>
            <EntityType Name="SAP__UnitOfMeasure" sap:content-version="1">
                <Key>
                    <PropertyRef Name="UnitCode"/>
                </Key>
                <Property Name="UnitCode" Type="Edm.String" Nullable="false" MaxLength="3" sap:label="Internal UoM" sap:semantics="unit-of-measure"/>
                <Property Name="ISOCode" Type="Edm.String" Nullable="false" MaxLength="3" sap:label="ISO Code"/>
                <Property Name="ExternalCode" Type="Edm.String" Nullable="false" MaxLength="3" sap:label="Commercial"/>
                <Property Name="Text" Type="Edm.String" Nullable="false" MaxLength="30" sap:label="Measurement Unit Txt"/>
                <Property Name="DecimalPlaces" Type="Edm.Int16" sap:label="Decimal Places"/>
            </EntityType>
            <EntityType Name="SAP__DocumentDescription" sap:content-version="1">
                <Key>
                    <PropertyRef Name="Id"/>
                </Key>
                <Property Name="Id" Type="Edm.Guid" Nullable="false" sap:label="UUID"/>
                <Property Name="CreatedBy" Type="Edm.String" Nullable="false" MaxLength="12"/>
                <Property Name="CreatedAt" Type="Edm.DateTime" Nullable="false" Precision="0" sap:label="Time Stamp"/>
                <Property Name="FileName" Type="Edm.String" Nullable="false" MaxLength="256"/>
                <Property Name="Title" Type="Edm.String" Nullable="false" MaxLength="256"/>
                <NavigationProperty Name="Format" Relationship="cds_zsd_log_gasprodrep_daily.to_format" FromRole="FromRole_to_format" ToRole="ToRole_to_format"/>
                <NavigationProperty Name="TableColumns" Relationship="cds_zsd_log_gasprodrep_daily.to_tablecolumns" FromRole="FromRole_to_tablecolumns" ToRole="ToRole_to_tablecolumns"/>
                <NavigationProperty Name="CoverPage" Relationship="cds_zsd_log_gasprodrep_daily.to_coverpage" FromRole="FromRole_to_coverpage" ToRole="ToRole_to_coverpage"/>
                <NavigationProperty Name="Signature" Relationship="cds_zsd_log_gasprodrep_daily.to_signature" FromRole="FromRole_to_signature" ToRole="ToRole_to_signature"/>
                <NavigationProperty Name="PDFStandard" Relationship="cds_zsd_log_gasprodrep_daily.to_pdfstandard" FromRole="FromRole_to_pdfstandard" ToRole="ToRole_to_pdfstandard"/>
            </EntityType>
            <EntityType Name="SAP__Format" sap:content-version="1">
                <Key>
                    <PropertyRef Name="Id"/>
                </Key>
                <Property Name="FitToPage" Type="cds_zsd_log_gasprodrep_daily.SAP__FitToPage" Nullable="false"/>
                <Property Name="Id" Type="Edm.Guid" Nullable="false" sap:label="UUID" sap:creatable="false" sap:updatable="false" sap:sortable="false" sap:filterable="false"/>
                <Property Name="FontSize" Type="Edm.Int32" Nullable="false" sap:creatable="false" sap:updatable="false" sap:sortable="false" sap:filterable="false"/>
                <Property Name="Orientation" Type="Edm.String" Nullable="false" MaxLength="10" sap:creatable="false" sap:updatable="false" sap:sortable="false" sap:filterable="false"/>
                <Property Name="PaperSize" Type="Edm.String" Nullable="false" MaxLength="10" sap:creatable="false" sap:updatable="false" sap:sortable="false" sap:filterable="false"/>
                <Property Name="BorderSize" Type="Edm.Int32" Nullable="false" sap:creatable="false" sap:updatable="false" sap:sortable="false" sap:filterable="false"/>
                <Property Name="MarginSize" Type="Edm.Int32" Nullable="false" sap:creatable="false" sap:updatable="false" sap:sortable="false" sap:filterable="false"/>
                <Property Name="FontName" Type="Edm.String" Nullable="false" MaxLength="255" sap:label="Font Name" sap:creatable="false" sap:updatable="false" sap:sortable="false" sap:filterable="false"/>
            </EntityType>
            <EntityType Name="SAP__PDFStandard" sap:content-version="1">
                <Key>
                    <PropertyRef Name="Id"/>
                </Key>
                <Property Name="Id" Type="Edm.Guid" Nullable="false" sap:label="UUID" sap:creatable="false" sap:updatable="false" sap:sortable="false" sap:filterable="false"/>
                <Property Name="UsePDFAConformance" Type="Edm.Boolean" Nullable="false" sap:creatable="false" sap:updatable="false" sap:sortable="false" sap:filterable="false"/>
                <Property Name="DoEnableAccessibility" Type="Edm.Boolean" Nullable="false" sap:label="Indicator" sap:creatable="false" sap:updatable="false" sap:sortable="false" sap:filterable="false"/>
            </EntityType>
            <EntityType Name="SAP__TableColumns" sap:content-version="1">
                <Key>
                    <PropertyRef Name="Id"/>
                    <PropertyRef Name="Name"/>
                    <PropertyRef Name="Header"/>
                </Key>
                <Property Name="Id" Type="Edm.Guid" Nullable="false" sap:label="UUID" sap:creatable="false" sap:updatable="false" sap:sortable="false" sap:filterable="false"/>
                <Property Name="Name" Type="Edm.String" Nullable="false" MaxLength="256" sap:creatable="false" sap:updatable="false" sap:sortable="false" sap:filterable="false"/>
                <Property Name="Header" Type="Edm.String" Nullable="false" MaxLength="256" sap:creatable="false" sap:updatable="false" sap:sortable="false" sap:filterable="false"/>
                <Property Name="HorizontalAlignment" Type="Edm.String" Nullable="false" MaxLength="10" sap:creatable="false" sap:updatable="false" sap:sortable="false" sap:filterable="false"/>
            </EntityType>
            <EntityType Name="SAP__CoverPage" sap:content-version="1">
                <Key>
                    <PropertyRef Name="Title"/>
                    <PropertyRef Name="Id"/>
                    <PropertyRef Name="Name"/>
                </Key>
                <Property Name="Title" Type="Edm.String" Nullable="false" MaxLength="256" sap:creatable="false" sap:updatable="false" sap:sortable="false" sap:filterable="false"/>
                <Property Name="Id" Type="Edm.Guid" Nullable="false" sap:label="UUID" sap:creatable="false" sap:updatable="false" sap:sortable="false" sap:filterable="false"/>
                <Property Name="Name" Type="Edm.String" Nullable="false" MaxLength="256" sap:creatable="false" sap:updatable="false" sap:sortable="false" sap:filterable="false"/>
                <Property Name="Value" Type="Edm.String" Nullable="false" MaxLength="256" sap:creatable="false" sap:updatable="false" sap:sortable="false" sap:filterable="false"/>
            </EntityType>
            <EntityType Name="SAP__Signature" sap:content-version="1">
                <Key>
                    <PropertyRef Name="Id"/>
                </Key>
                <Property Name="Id" Type="Edm.Guid" Nullable="false" sap:label="UUID" sap:creatable="false" sap:updatable="false" sap:sortable="false" sap:filterable="false"/>
                <Property Name="DoSign" Type="Edm.Boolean" Nullable="false" sap:label="Indicator" sap:creatable="false" sap:updatable="false" sap:sortable="false" sap:filterable="false"/>
                <Property Name="Reason" Type="Edm.String" Nullable="false" MaxLength="256" sap:creatable="false" sap:updatable="false" sap:sortable="false" sap:filterable="false"/>
            </EntityType>
            <EntityType Name="SAP__ValueHelp" sap:content-version="1">
                <Key>
                    <PropertyRef Name="VALUEHELP"/>
                </Key>
                <Property Name="VALUEHELP" Type="Edm.String" Nullable="false"/>
                <Property Name="FIELD_VALUE" Type="Edm.String" Nullable="false" MaxLength="10"/>
                <Property Name="DESCRIPTION" Type="Edm.String"/>
            </EntityType>
            <ComplexType Name="SAP__FitToPage">
                <Property Name="ErrorRecoveryBehavior" Type="Edm.String" Nullable="false" MaxLength="8" sap:label="Error behavior" sap:creatable="false" sap:updatable="false" sap:sortable="false" sap:filterable="false"/>
                <Property Name="IsEnabled" Type="Edm.Boolean" Nullable="false" sap:creatable="false" sap:updatable="false" sap:sortable="false" sap:filterable="false"/>
                <Property Name="MinimumFontSize" Type="Edm.Int32" Nullable="false" sap:creatable="false" sap:updatable="false" sap:sortable="false" sap:filterable="false"/>
            </ComplexType>
            <Association Name="assoc_4E4B3F914A5D6DB74AEC97152EDC36A9" sap:content-version="1">
                <End Type="cds_zsd_log_gasprodrep_daily.dailyType" Multiplicity="1" Role="FromRole_assoc_4E4B3F914A5D6DB74AEC97152EDC36A9">
                    <OnDelete Action="Cascade"/>
                </End>
                <End Type="cds_zsd_log_gasprodrep_daily.HourlyType" Multiplicity="*" Role="ToRole_assoc_4E4B3F914A5D6DB74AEC97152EDC36A9"/>
                <ReferentialConstraint>
                    <Principal Role="FromRole_assoc_4E4B3F914A5D6DB74AEC97152EDC36A9">
                        <PropertyRef Name="Zdate"/>
                        <PropertyRef Name="Vbeln"/>
                    </Principal>
                    <Dependent Role="ToRole_assoc_4E4B3F914A5D6DB74AEC97152EDC36A9">
                        <PropertyRef Name="Zdate"/>
                        <PropertyRef Name="Vbeln"/>
                    </Dependent>
                </ReferentialConstraint>
            </Association>
            <Association Name="assoc_E03AB485871A2A395472F8ED7AE662A3" sap:content-version="1">
                <End Type="cds_zsd_log_gasprodrep_daily.dailyType" Multiplicity="1" Role="FromRole_assoc_E03AB485871A2A395472F8ED7AE662A3">
                    <OnDelete Action="Cascade"/>
                </End>
                <End Type="cds_zsd_log_gasprodrep_daily.NomType" Multiplicity="0..1" Role="ToRole_assoc_E03AB485871A2A395472F8ED7AE662A3"/>
                <ReferentialConstraint>
                    <Principal Role="FromRole_assoc_E03AB485871A2A395472F8ED7AE662A3">
                        <PropertyRef Name="Zdate"/>
                        <PropertyRef Name="Vbeln"/>
                    </Principal>
                    <Dependent Role="ToRole_assoc_E03AB485871A2A395472F8ED7AE662A3">
                        <PropertyRef Name="Zdate"/>
                        <PropertyRef Name="Vbeln"/>
                    </Dependent>
                </ReferentialConstraint>
            </Association>
            <Association Name="assoc_B594A4ECF5C00A295B70B382B097C790" sap:content-version="1">
                <End Type="cds_zsd_log_gasprodrep_daily.dailyType" Multiplicity="1" Role="FromRole_assoc_B594A4ECF5C00A295B70B382B097C790">
                    <OnDelete Action="Cascade"/>
                </End>
                <End Type="cds_zsd_log_gasprodrep_daily.StaType" Multiplicity="0..1" Role="ToRole_assoc_B594A4ECF5C00A295B70B382B097C790"/>
                <ReferentialConstraint>
                    <Principal Role="FromRole_assoc_B594A4ECF5C00A295B70B382B097C790">
                        <PropertyRef Name="Zdate"/>
                        <PropertyRef Name="Vbeln"/>
                    </Principal>
                    <Dependent Role="ToRole_assoc_B594A4ECF5C00A295B70B382B097C790">
                        <PropertyRef Name="Zdate"/>
                        <PropertyRef Name="Vbeln"/>
                    </Dependent>
                </ReferentialConstraint>
            </Association>
            <Association Name="assoc_916B046D5291219B4B1FA216CE9D2ECE" sap:content-version="1">
                <End Type="cds_zsd_log_gasprodrep_daily.dailyType" Multiplicity="1" Role="FromRole_assoc_916B046D5291219B4B1FA216CE9D2ECE">
                    <OnDelete Action="Cascade"/>
                </End>
                <End Type="cds_zsd_log_gasprodrep_daily.StatusType" Multiplicity="*" Role="ToRole_assoc_916B046D5291219B4B1FA216CE9D2ECE"/>
                <ReferentialConstraint>
                    <Principal Role="FromRole_assoc_916B046D5291219B4B1FA216CE9D2ECE">
                        <PropertyRef Name="Zdate"/>
                        <PropertyRef Name="Vbeln"/>
                    </Principal>
                    <Dependent Role="ToRole_assoc_916B046D5291219B4B1FA216CE9D2ECE">
                        <PropertyRef Name="Zdate"/>
                        <PropertyRef Name="Vbeln"/>
                    </Dependent>
                </ReferentialConstraint>
            </Association>
            <Association Name="to_format" sap:content-version="1">
                <End Type="cds_zsd_log_gasprodrep_daily.SAP__DocumentDescription" Multiplicity="1" Role="FromRole_to_format"/>
                <End Type="cds_zsd_log_gasprodrep_daily.SAP__Format" Multiplicity="1" Role="ToRole_to_format"/>
                <ReferentialConstraint>
                    <Principal Role="FromRole_to_format">
                        <PropertyRef Name="Id"/>
                    </Principal>
                    <Dependent Role="ToRole_to_format">
                        <PropertyRef Name="Id"/>
                    </Dependent>
                </ReferentialConstraint>
            </Association>
            <Association Name="to_tablecolumns" sap:content-version="1">
                <End Type="cds_zsd_log_gasprodrep_daily.SAP__DocumentDescription" Multiplicity="1" Role="FromRole_to_tablecolumns"/>
                <End Type="cds_zsd_log_gasprodrep_daily.SAP__TableColumns" Multiplicity="*" Role="ToRole_to_tablecolumns"/>
                <ReferentialConstraint>
                    <Principal Role="FromRole_to_tablecolumns">
                        <PropertyRef Name="Id"/>
                    </Principal>
                    <Dependent Role="ToRole_to_tablecolumns">
                        <PropertyRef Name="Id"/>
                    </Dependent>
                </ReferentialConstraint>
            </Association>
            <Association Name="to_coverpage" sap:content-version="1">
                <End Type="cds_zsd_log_gasprodrep_daily.SAP__DocumentDescription" Multiplicity="1" Role="FromRole_to_coverpage"/>
                <End Type="cds_zsd_log_gasprodrep_daily.SAP__CoverPage" Multiplicity="*" Role="ToRole_to_coverpage"/>
                <ReferentialConstraint>
                    <Principal Role="FromRole_to_coverpage">
                        <PropertyRef Name="Id"/>
                    </Principal>
                    <Dependent Role="ToRole_to_coverpage">
                        <PropertyRef Name="Id"/>
                    </Dependent>
                </ReferentialConstraint>
            </Association>
            <Association Name="to_signature" sap:content-version="1">
                <End Type="cds_zsd_log_gasprodrep_daily.SAP__DocumentDescription" Multiplicity="1" Role="FromRole_to_signature"/>
                <End Type="cds_zsd_log_gasprodrep_daily.SAP__Signature" Multiplicity="1" Role="ToRole_to_signature"/>
                <ReferentialConstraint>
                    <Principal Role="FromRole_to_signature">
                        <PropertyRef Name="Id"/>
                    </Principal>
                    <Dependent Role="ToRole_to_signature">
                        <PropertyRef Name="Id"/>
                    </Dependent>
                </ReferentialConstraint>
            </Association>
            <Association Name="to_pdfstandard" sap:content-version="1">
                <End Type="cds_zsd_log_gasprodrep_daily.SAP__DocumentDescription" Multiplicity="1" Role="FromRole_to_pdfstandard"/>
                <End Type="cds_zsd_log_gasprodrep_daily.SAP__PDFStandard" Multiplicity="1" Role="ToRole_to_pdfstandard"/>
                <ReferentialConstraint>
                    <Principal Role="FromRole_to_pdfstandard">
                        <PropertyRef Name="Id"/>
                    </Principal>
                    <Dependent Role="ToRole_to_pdfstandard">
                        <PropertyRef Name="Id"/>
                    </Dependent>
                </ReferentialConstraint>
            </Association>
            <Association Name="assoc_D3995CEE90E8F2EEF339C959901B2497" sap:content-version="1">
                <End Type="cds_zsd_log_gasprodrep_daily.reviseParameters" Multiplicity="1" Role="FromRole_assoc_D3995CEE90E8F2EEF339C959901B2497"/>
                <End Type="cds_zsd_log_gasprodrep_daily.reviseType" Multiplicity="*" Role="ToRole_assoc_D3995CEE90E8F2EEF339C959901B2497"/>
            </Association>
            <Association Name="assoc_648B67DB387B53B739D2FB4C2BC06007" sap:content-version="1">
                <End Type="cds_zsd_log_gasprodrep_daily.GenerateParameters" Multiplicity="1" Role="FromRole_assoc_648B67DB387B53B739D2FB4C2BC06007"/>
                <End Type="cds_zsd_log_gasprodrep_daily.GenerateType" Multiplicity="*" Role="ToRole_assoc_648B67DB387B53B739D2FB4C2BC06007"/>
            </Association>
            <Association Name="assoc_C164EA537F0DE9B540E35D44717C5F19" sap:content-version="1">
                <End Type="cds_zsd_log_gasprodrep_daily.PrintParameters" Multiplicity="1" Role="FromRole_assoc_C164EA537F0DE9B540E35D44717C5F19"/>
                <End Type="cds_zsd_log_gasprodrep_daily.PrintType" Multiplicity="*" Role="ToRole_assoc_C164EA537F0DE9B540E35D44717C5F19"/>
            </Association>
            <EntityContainer Name="cds_zsd_log_gasprodrep_daily_Entities" m:IsDefaultEntityContainer="true" sap:message-scope-supported="true" sap:supported-formats="atom json xlsx pdf">
                <EntitySet Name="SAP__Currencies" EntityType="cds_zsd_log_gasprodrep_daily.SAP__Currency" sap:content-version="1"/>
                <EntitySet Name="SAP__UnitsOfMeasure" EntityType="cds_zsd_log_gasprodrep_daily.SAP__UnitOfMeasure" sap:content-version="1"/>
                <EntitySet Name="SAP__MyDocumentDescriptions" EntityType="cds_zsd_log_gasprodrep_daily.SAP__DocumentDescription" sap:content-version="1"/>
                <EntitySet Name="SAP__FormatSet" EntityType="cds_zsd_log_gasprodrep_daily.SAP__Format" sap:creatable="false" sap:updatable="false" sap:deletable="false" sap:pageable="false" sap:addressable="false" sap:content-version="1"/>
                <EntitySet Name="SAP__PDFStandardSet" EntityType="cds_zsd_log_gasprodrep_daily.SAP__PDFStandard" sap:creatable="false" sap:updatable="false" sap:deletable="false" sap:pageable="false" sap:addressable="false" sap:content-version="1"/>
                <EntitySet Name="SAP__TableColumnsSet" EntityType="cds_zsd_log_gasprodrep_daily.SAP__TableColumns" sap:creatable="false" sap:updatable="false" sap:deletable="false" sap:pageable="false" sap:addressable="false" sap:content-version="1"/>
                <EntitySet Name="SAP__CoverPageSet" EntityType="cds_zsd_log_gasprodrep_daily.SAP__CoverPage" sap:creatable="false" sap:updatable="false" sap:deletable="false" sap:pageable="false" sap:addressable="false" sap:content-version="1"/>
                <EntitySet Name="SAP__SignatureSet" EntityType="cds_zsd_log_gasprodrep_daily.SAP__Signature" sap:creatable="false" sap:updatable="false" sap:deletable="false" sap:pageable="false" sap:addressable="false" sap:content-version="1"/>
                <EntitySet Name="SAP__ValueHelpSet" EntityType="cds_zsd_log_gasprodrep_daily.SAP__ValueHelp" sap:content-version="1"/>
                <EntitySet Name="GenerateSet" EntityType="cds_zsd_log_gasprodrep_daily.GenerateType" sap:creatable="false" sap:updatable="false" sap:deletable="false" sap:addressable="false" sap:content-version="1"/>
                <EntitySet Name="Generate" EntityType="cds_zsd_log_gasprodrep_daily.GenerateParameters" sap:creatable="false" sap:updatable="false" sap:deletable="false" sap:pageable="false" sap:content-version="1"/>
                <EntitySet Name="PrintSet" EntityType="cds_zsd_log_gasprodrep_daily.PrintType" sap:creatable="false" sap:updatable="false" sap:deletable="false" sap:addressable="false" sap:content-version="1"/>
                <EntitySet Name="Print" EntityType="cds_zsd_log_gasprodrep_daily.PrintParameters" sap:creatable="false" sap:updatable="false" sap:deletable="false" sap:pageable="false" sap:content-version="1"/>
                <EntitySet Name="reviseSet" EntityType="cds_zsd_log_gasprodrep_daily.reviseType" sap:creatable="false" sap:updatable="false" sap:deletable="false" sap:addressable="false" sap:content-version="1"/>
                <EntitySet Name="revise" EntityType="cds_zsd_log_gasprodrep_daily.reviseParameters" sap:creatable="false" sap:updatable="false" sap:deletable="false" sap:pageable="false" sap:content-version="1"/>
                <EntitySet Name="Sta" EntityType="cds_zsd_log_gasprodrep_daily.StaType" sap:creatable="false" sap:updatable="false" sap:deletable="false" sap:content-version="1"/>
                <EntitySet Name="daily" EntityType="cds_zsd_log_gasprodrep_daily.dailyType" sap:creatable="false" sap:deletable="false" sap:searchable="true" sap:content-version="1" sap:updatable-path="Update_mc"/>
                <EntitySet Name="Hourly" EntityType="cds_zsd_log_gasprodrep_daily.HourlyType" sap:creatable="false" sap:updatable="false" sap:deletable="false" sap:content-version="1"/>
                <EntitySet Name="Nom" EntityType="cds_zsd_log_gasprodrep_daily.NomType" sap:deletable="false" sap:content-version="1"/>
                <EntitySet Name="Status" EntityType="cds_zsd_log_gasprodrep_daily.StatusType" sap:creatable="false" sap:updatable="false" sap:deletable="false" sap:content-version="1"/>
                <EntitySet Name="ZI_log_shortfall_category" EntityType="cds_zsd_log_gasprodrep_daily.ZI_log_shortfall_categoryType" sap:creatable="false" sap:updatable="false" sap:deletable="false" sap:searchable="true" sap:content-version="1"/>
                <AssociationSet Name="assoc_C164EA537F0DE9B540E35D44717C5F19" Association="cds_zsd_log_gasprodrep_daily.assoc_C164EA537F0DE9B540E35D44717C5F19" sap:creatable="false" sap:updatable="false" sap:deletable="false" sap:content-version="1">
                    <End EntitySet="Print" Role="FromRole_assoc_C164EA537F0DE9B540E35D44717C5F19"/>
                    <End EntitySet="PrintSet" Role="ToRole_assoc_C164EA537F0DE9B540E35D44717C5F19"/>
                </AssociationSet>
                <AssociationSet Name="to_formatSet" Association="cds_zsd_log_gasprodrep_daily.to_format" sap:creatable="false" sap:updatable="false" sap:deletable="false" sap:content-version="1">
                    <End EntitySet="SAP__MyDocumentDescriptions" Role="FromRole_to_format"/>
                    <End EntitySet="SAP__FormatSet" Role="ToRole_to_format"/>
                </AssociationSet>
                <AssociationSet Name="assoc_B594A4ECF5C00A295B70B382B097C790" Association="cds_zsd_log_gasprodrep_daily.assoc_B594A4ECF5C00A295B70B382B097C790" sap:creatable="false" sap:updatable="false" sap:deletable="false" sap:content-version="1">
                    <End EntitySet="daily" Role="FromRole_assoc_B594A4ECF5C00A295B70B382B097C790"/>
                    <End EntitySet="Sta" Role="ToRole_assoc_B594A4ECF5C00A295B70B382B097C790"/>
                </AssociationSet>
                <AssociationSet Name="to_pdfstandardSet" Association="cds_zsd_log_gasprodrep_daily.to_pdfstandard" sap:creatable="false" sap:updatable="false" sap:deletable="false" sap:content-version="1">
                    <End EntitySet="SAP__MyDocumentDescriptions" Role="FromRole_to_pdfstandard"/>
                    <End EntitySet="SAP__PDFStandardSet" Role="ToRole_to_pdfstandard"/>
                </AssociationSet>
                <AssociationSet Name="assoc_916B046D5291219B4B1FA216CE9D2ECE" Association="cds_zsd_log_gasprodrep_daily.assoc_916B046D5291219B4B1FA216CE9D2ECE" sap:creatable="false" sap:updatable="false" sap:deletable="false" sap:content-version="1">
                    <End EntitySet="daily" Role="FromRole_assoc_916B046D5291219B4B1FA216CE9D2ECE"/>
                    <End EntitySet="Status" Role="ToRole_assoc_916B046D5291219B4B1FA216CE9D2ECE"/>
                </AssociationSet>
                <AssociationSet Name="to_tablecolumnsSet" Association="cds_zsd_log_gasprodrep_daily.to_tablecolumns" sap:creatable="false" sap:updatable="false" sap:deletable="false" sap:content-version="1">
                    <End EntitySet="SAP__MyDocumentDescriptions" Role="FromRole_to_tablecolumns"/>
                    <End EntitySet="SAP__TableColumnsSet" Role="ToRole_to_tablecolumns"/>
                </AssociationSet>
                <AssociationSet Name="assoc_4E4B3F914A5D6DB74AEC97152EDC36A9" Association="cds_zsd_log_gasprodrep_daily.assoc_4E4B3F914A5D6DB74AEC97152EDC36A9" sap:creatable="false" sap:updatable="false" sap:deletable="false" sap:content-version="1">
                    <End EntitySet="daily" Role="FromRole_assoc_4E4B3F914A5D6DB74AEC97152EDC36A9"/>
                    <End EntitySet="Hourly" Role="ToRole_assoc_4E4B3F914A5D6DB74AEC97152EDC36A9"/>
                </AssociationSet>
                <AssociationSet Name="to_signatureSet" Association="cds_zsd_log_gasprodrep_daily.to_signature" sap:creatable="false" sap:updatable="false" sap:deletable="false" sap:content-version="1">
                    <End EntitySet="SAP__MyDocumentDescriptions" Role="FromRole_to_signature"/>
                    <End EntitySet="SAP__SignatureSet" Role="ToRole_to_signature"/>
                </AssociationSet>
                <AssociationSet Name="assoc_E03AB485871A2A395472F8ED7AE662A3" Association="cds_zsd_log_gasprodrep_daily.assoc_E03AB485871A2A395472F8ED7AE662A3" sap:creatable="false" sap:updatable="false" sap:deletable="false" sap:content-version="1">
                    <End EntitySet="daily" Role="FromRole_assoc_E03AB485871A2A395472F8ED7AE662A3"/>
                    <End EntitySet="Nom" Role="ToRole_assoc_E03AB485871A2A395472F8ED7AE662A3"/>
                </AssociationSet>
                <AssociationSet Name="assoc_648B67DB387B53B739D2FB4C2BC06007" Association="cds_zsd_log_gasprodrep_daily.assoc_648B67DB387B53B739D2FB4C2BC06007" sap:creatable="false" sap:updatable="false" sap:deletable="false" sap:content-version="1">
                    <End EntitySet="Generate" Role="FromRole_assoc_648B67DB387B53B739D2FB4C2BC06007"/>
                    <End EntitySet="GenerateSet" Role="ToRole_assoc_648B67DB387B53B739D2FB4C2BC06007"/>
                </AssociationSet>
                <AssociationSet Name="assoc_D3995CEE90E8F2EEF339C959901B2497" Association="cds_zsd_log_gasprodrep_daily.assoc_D3995CEE90E8F2EEF339C959901B2497" sap:creatable="false" sap:updatable="false" sap:deletable="false" sap:content-version="1">
                    <End EntitySet="revise" Role="FromRole_assoc_D3995CEE90E8F2EEF339C959901B2497"/>
                    <End EntitySet="reviseSet" Role="ToRole_assoc_D3995CEE90E8F2EEF339C959901B2497"/>
                </AssociationSet>
                <AssociationSet Name="to_coverpageSet" Association="cds_zsd_log_gasprodrep_daily.to_coverpage" sap:creatable="false" sap:updatable="false" sap:deletable="false" sap:content-version="1">
                    <End EntitySet="SAP__MyDocumentDescriptions" Role="FromRole_to_coverpage"/>
                    <End EntitySet="SAP__CoverPageSet" Role="ToRole_to_coverpage"/>
                </AssociationSet>
            </EntityContainer>
            <Annotations Target="cds_zsd_log_gasprodrep_daily.NomType/ShortFall" xmlns="http://docs.oasis-open.org/odata/ns/edm">
                <Annotation Term="Common.ValueList">
                    <Record>
                        <PropertyValue Property="Label" String="Shortfall Category"/>
                        <PropertyValue Property="CollectionPath" String="ZI_log_shortfall_category"/>
                        <PropertyValue Property="SearchSupported" Bool="true"/>
                        <PropertyValue Property="Parameters">
                            <Collection>
                                <Record Type="Common.ValueListParameterInOut">
                                    <PropertyValue Property="LocalDataProperty" PropertyPath="ShortFall"/>
                                    <PropertyValue Property="ValueListProperty" String="ShortFall"/>
                                </Record>
                                <Record Type="Common.ValueListParameterDisplayOnly">
                                    <PropertyValue Property="ValueListProperty" String="ShortFallDesc"/>
                                </Record>
                            </Collection>
                        </PropertyValue>
                    </Record>
                </Annotation>
                <Annotation Term="Common.ValueListWithFixedValues"/>
            </Annotations>
            <Annotations Target="cds_zsd_log_gasprodrep_daily.cds_zsd_log_gasprodrep_daily_Entities" xmlns="http://docs.oasis-open.org/odata/ns/edm">
                <Annotation Term="Common.ApplyMultiUnitBehaviorForSortingAndFiltering" Bool="true"/>
            </Annotations>
            <Annotations Target="cds_zsd_log_gasprodrep_daily.dailyType/to_hourly" xmlns="http://docs.oasis-open.org/odata/ns/edm">
                <Annotation Term="Common.Composition"/>
            </Annotations>
            <Annotations Target="cds_zsd_log_gasprodrep_daily.dailyType/to_nom" xmlns="http://docs.oasis-open.org/odata/ns/edm">
                <Annotation Term="Common.Composition"/>
            </Annotations>
            <Annotations Target="cds_zsd_log_gasprodrep_daily.dailyType/to_sta" xmlns="http://docs.oasis-open.org/odata/ns/edm">
                <Annotation Term="Common.Composition"/>
            </Annotations>
            <Annotations Target="cds_zsd_log_gasprodrep_daily.dailyType/to_status" xmlns="http://docs.oasis-open.org/odata/ns/edm">
                <Annotation Term="Common.Composition"/>
            </Annotations>
            <Annotations Target="cds_zsd_log_gasprodrep_daily.cds_zsd_log_gasprodrep_daily_Entities/Generate" xmlns="http://docs.oasis-open.org/odata/ns/edm">
                <Annotation Term="Capabilities.FilterRestrictions">
                    <Record>
                        <PropertyValue Property="NonFilterableProperties">
                            <Collection>
                                <PropertyPath>p_contract</PropertyPath>
                                <PropertyPath>p_date</PropertyPath>
                            </Collection>
                        </PropertyValue>
                    </Record>
                </Annotation>
                <Annotation Term="Capabilities.NavigationRestrictions">
                    <Record>
                        <PropertyValue Property="RestrictedProperties">
                            <Collection>
                                <Record>
                                    <PropertyValue Property="NavigationProperty" NavigationPropertyPath="Parameters"/>
                                    <PropertyValue Property="FilterRestrictions">
                                        <Record>
                                            <PropertyValue Property="Filterable" Bool="false"/>
                                        </Record>
                                    </PropertyValue>
                                </Record>
                            </Collection>
                        </PropertyValue>
                    </Record>
                </Annotation>
                <Annotation Term="Capabilities.SortRestrictions">
                    <Record>
                        <PropertyValue Property="NonSortableProperties">
                            <Collection>
                                <PropertyPath>p_contract</PropertyPath>
                                <PropertyPath>p_date</PropertyPath>
                            </Collection>
                        </PropertyValue>
                    </Record>
                </Annotation>
            </Annotations>
            <Annotations Target="cds_zsd_log_gasprodrep_daily.cds_zsd_log_gasprodrep_daily_Entities/Print" xmlns="http://docs.oasis-open.org/odata/ns/edm">
                <Annotation Term="Capabilities.FilterRestrictions">
                    <Record>
                        <PropertyValue Property="NonFilterableProperties">
                            <Collection>
                                <PropertyPath>p_contract</PropertyPath>
                                <PropertyPath>p_date</PropertyPath>
                            </Collection>
                        </PropertyValue>
                    </Record>
                </Annotation>
                <Annotation Term="Capabilities.NavigationRestrictions">
                    <Record>
                        <PropertyValue Property="RestrictedProperties">
                            <Collection>
                                <Record>
                                    <PropertyValue Property="NavigationProperty" NavigationPropertyPath="Parameters"/>
                                    <PropertyValue Property="FilterRestrictions">
                                        <Record>
                                            <PropertyValue Property="Filterable" Bool="false"/>
                                        </Record>
                                    </PropertyValue>
                                </Record>
                            </Collection>
                        </PropertyValue>
                    </Record>
                </Annotation>
                <Annotation Term="Capabilities.SortRestrictions">
                    <Record>
                        <PropertyValue Property="NonSortableProperties">
                            <Collection>
                                <PropertyPath>p_contract</PropertyPath>
                                <PropertyPath>p_date</PropertyPath>
                            </Collection>
                        </PropertyValue>
                    </Record>
                </Annotation>
            </Annotations>
            <Annotations Target="cds_zsd_log_gasprodrep_daily.cds_zsd_log_gasprodrep_daily_Entities/daily" xmlns="http://docs.oasis-open.org/odata/ns/edm">
                <Annotation Term="Capabilities.FilterRestrictions">
                    <Record>
                        <PropertyValue Property="NonFilterableProperties">
                            <Collection>
                                <PropertyPath>Update_mc</PropertyPath>
                                <PropertyPath>to_nom_oc</PropertyPath>
                                <PropertyPath>GenerateEnable</PropertyPath>
                                <PropertyPath>ReviseEnable</PropertyPath>
                                <PropertyPath>PrintEnable</PropertyPath>
                                <PropertyPath>UploadEnable</PropertyPath>
                                <PropertyPath>DownloadEnable</PropertyPath>
                            </Collection>
                        </PropertyValue>
                    </Record>
                </Annotation>
                <Annotation Term="Capabilities.NavigationRestrictions">
                    <Record>
                        <PropertyValue Property="RestrictedProperties">
                            <Collection>
                                <Record>
                                    <PropertyValue Property="NavigationProperty" NavigationPropertyPath="to_hourly"/>
                                    <PropertyValue Property="InsertRestrictions">
                                        <Record>
                                            <PropertyValue Property="Insertable" Bool="false"/>
                                        </Record>
                                    </PropertyValue>
                                </Record>
                                <Record>
                                    <PropertyValue Property="NavigationProperty" NavigationPropertyPath="to_nom"/>
                                    <PropertyValue Property="InsertRestrictions">
                                        <Record>
                                            <PropertyValue Property="Insertable" Path="to_nom_oc"/>
                                        </Record>
                                    </PropertyValue>
                                </Record>
                                <Record>
                                    <PropertyValue Property="NavigationProperty" NavigationPropertyPath="to_sta"/>
                                    <PropertyValue Property="InsertRestrictions">
                                        <Record>
                                            <PropertyValue Property="Insertable" Bool="false"/>
                                        </Record>
                                    </PropertyValue>
                                </Record>
                                <Record>
                                    <PropertyValue Property="NavigationProperty" NavigationPropertyPath="to_status"/>
                                    <PropertyValue Property="InsertRestrictions">
                                        <Record>
                                            <PropertyValue Property="Insertable" Bool="false"/>
                                        </Record>
                                    </PropertyValue>
                                </Record>
                            </Collection>
                        </PropertyValue>
                    </Record>
                </Annotation>
                <Annotation Term="SAP__core.OptimisticConcurrency">
                    <Collection/>
                </Annotation>
                <Annotation Term="Capabilities.SortRestrictions">
                    <Record>
                        <PropertyValue Property="NonSortableProperties">
                            <Collection>
                                <PropertyPath>Update_mc</PropertyPath>
                                <PropertyPath>to_nom_oc</PropertyPath>
                                <PropertyPath>GenerateEnable</PropertyPath>
                                <PropertyPath>ReviseEnable</PropertyPath>
                                <PropertyPath>PrintEnable</PropertyPath>
                                <PropertyPath>UploadEnable</PropertyPath>
                                <PropertyPath>DownloadEnable</PropertyPath>
                            </Collection>
                        </PropertyValue>
                    </Record>
                </Annotation>
            </Annotations>
            <Annotations Target="cds_zsd_log_gasprodrep_daily.cds_zsd_log_gasprodrep_daily_Entities/revise" xmlns="http://docs.oasis-open.org/odata/ns/edm">
                <Annotation Term="Capabilities.FilterRestrictions">
                    <Record>
                        <PropertyValue Property="NonFilterableProperties">
                            <Collection>
                                <PropertyPath>p_contract</PropertyPath>
                                <PropertyPath>p_date</PropertyPath>
                            </Collection>
                        </PropertyValue>
                    </Record>
                </Annotation>
                <Annotation Term="Capabilities.NavigationRestrictions">
                    <Record>
                        <PropertyValue Property="RestrictedProperties">
                            <Collection>
                                <Record>
                                    <PropertyValue Property="NavigationProperty" NavigationPropertyPath="Parameters"/>
                                    <PropertyValue Property="FilterRestrictions">
                                        <Record>
                                            <PropertyValue Property="Filterable" Bool="false"/>
                                        </Record>
                                    </PropertyValue>
                                </Record>
                            </Collection>
                        </PropertyValue>
                    </Record>
                </Annotation>
                <Annotation Term="Capabilities.SortRestrictions">
                    <Record>
                        <PropertyValue Property="NonSortableProperties">
                            <Collection>
                                <PropertyPath>p_contract</PropertyPath>
                                <PropertyPath>p_date</PropertyPath>
                            </Collection>
                        </PropertyValue>
                    </Record>
                </Annotation>
            </Annotations>
            <Annotations Target="cds_zsd_log_gasprodrep_daily.cds_zsd_log_gasprodrep_daily_Entities/Hourly" xmlns="http://docs.oasis-open.org/odata/ns/edm">
                <Annotation Term="Capabilities.NavigationRestrictions">
                    <Record>
                        <PropertyValue Property="RestrictedProperties">
                            <Collection>
                                <Record>
                                    <PropertyValue Property="NavigationProperty" NavigationPropertyPath="to_daily"/>
                                    <PropertyValue Property="InsertRestrictions">
                                        <Record>
                                            <PropertyValue Property="Insertable" Bool="false"/>
                                        </Record>
                                    </PropertyValue>
                                </Record>
                            </Collection>
                        </PropertyValue>
                    </Record>
                </Annotation>
            </Annotations>
            <Annotations Target="cds_zsd_log_gasprodrep_daily.cds_zsd_log_gasprodrep_daily_Entities/Nom" xmlns="http://docs.oasis-open.org/odata/ns/edm">
                <Annotation Term="Capabilities.NavigationRestrictions">
                    <Record>
                        <PropertyValue Property="RestrictedProperties">
                            <Collection>
                                <Record>
                                    <PropertyValue Property="NavigationProperty" NavigationPropertyPath="to_daily"/>
                                    <PropertyValue Property="InsertRestrictions">
                                        <Record>
                                            <PropertyValue Property="Insertable" Bool="false"/>
                                        </Record>
                                    </PropertyValue>
                                </Record>
                            </Collection>
                        </PropertyValue>
                    </Record>
                </Annotation>
                <Annotation Term="SAP__core.OptimisticConcurrency">
                    <Collection/>
                </Annotation>
            </Annotations>
            <Annotations Target="cds_zsd_log_gasprodrep_daily.cds_zsd_log_gasprodrep_daily_Entities/Sta" xmlns="http://docs.oasis-open.org/odata/ns/edm">
                <Annotation Term="Capabilities.NavigationRestrictions">
                    <Record>
                        <PropertyValue Property="RestrictedProperties">
                            <Collection>
                                <Record>
                                    <PropertyValue Property="NavigationProperty" NavigationPropertyPath="to_daily"/>
                                    <PropertyValue Property="InsertRestrictions">
                                        <Record>
                                            <PropertyValue Property="Insertable" Bool="false"/>
                                        </Record>
                                    </PropertyValue>
                                </Record>
                            </Collection>
                        </PropertyValue>
                    </Record>
                </Annotation>
            </Annotations>
            <Annotations Target="cds_zsd_log_gasprodrep_daily.cds_zsd_log_gasprodrep_daily_Entities/Status" xmlns="http://docs.oasis-open.org/odata/ns/edm">
                <Annotation Term="Capabilities.NavigationRestrictions">
                    <Record>
                        <PropertyValue Property="RestrictedProperties">
                            <Collection>
                                <Record>
                                    <PropertyValue Property="NavigationProperty" NavigationPropertyPath="to_daily"/>
                                    <PropertyValue Property="InsertRestrictions">
                                        <Record>
                                            <PropertyValue Property="Insertable" Bool="false"/>
                                        </Record>
                                    </PropertyValue>
                                </Record>
                            </Collection>
                        </PropertyValue>
                    </Record>
                </Annotation>
            </Annotations>
            <Annotations Target="cds_zsd_log_gasprodrep_daily.cds_zsd_log_gasprodrep_daily_Entities" xmlns="http://docs.oasis-open.org/odata/ns/edm">
                <Annotation Term="Org.OData.Capabilities.V1.BatchSupport">
                    <Record Type="Org.OData.Capabilities.V1.BatchSupportType">
                        <PropertyValue Property="ReferencesAcrossChangeSetsSupported" Bool="true"/>
                    </Record>
                </Annotation>
                <Annotation Term="SAP__CodeList.CurrencyCodes">
                    <Record>
                        <PropertyValue Property="Url" String="./$metadata"/>
                        <PropertyValue Property="CollectionPath" String="SAP__Currencies"/>
                    </Record>
                </Annotation>
                <Annotation Term="SAP__CodeList.UnitsOfMeasure">
                    <Record>
                        <PropertyValue Property="Url" String="./$metadata"/>
                        <PropertyValue Property="CollectionPath" String="SAP__UnitsOfMeasure"/>
                    </Record>
                </Annotation>
                <Annotation Term="SAP__PDF.Features">
                    <Record>
                        <PropertyValue Property="DocumentDescriptionReference" String="./$metadata"/>
                        <PropertyValue Property="DocumentDescriptionCollection" String="SAP__MyDocumentDescriptions"/>
                        <PropertyValue Property="ArchiveFormat" Bool="true"/>
                        <PropertyValue Property="CoverPage" Bool="true"/>
                        <PropertyValue Property="Signature" Bool="true"/>
                        <PropertyValue Property="FitToPage" Bool="true"/>
                        <PropertyValue Property="FontName" Bool="true"/>
                        <PropertyValue Property="FontSize" Bool="true"/>
                        <PropertyValue Property="Margin" Bool="true"/>
                        <PropertyValue Property="Border" Bool="true"/>
                        <PropertyValue Property="ResultSizeDefault" Int="20000"/>
                        <PropertyValue Property="ResultSizeMaximum" Int="20000"/>
                    </Record>
                </Annotation>
                <Annotation Term="SAP__CodeList.SAP__DocumentDescription">
                    <Record>
                        <PropertyValue Property="Url" String="./$metadata"/>
                        <PropertyValue Property="CollectionPath" String="SAP__MyDocumentDescriptions"/>
                    </Record>
                </Annotation>
            </Annotations>
            <Annotations Target="cds_zsd_log_gasprodrep_daily.SAP__Currency/CurrencyCode" xmlns="http://docs.oasis-open.org/odata/ns/edm">
                <Annotation Term="SAP__common.Text" Path="Text"/>
                <Annotation Term="SAP__common.UnitSpecificScale" Path="DecimalPlaces"/>
                <Annotation Term="SAP__CodeList.StandardCode" Path="ISOCode"/>
            </Annotations>
            <Annotations Target="cds_zsd_log_gasprodrep_daily.SAP__UnitOfMeasure/UnitCode" xmlns="http://docs.oasis-open.org/odata/ns/edm">
                <Annotation Term="SAP__common.Text" Path="Text"/>
                <Annotation Term="SAP__common.UnitSpecificScale" Path="DecimalPlaces"/>
                <Annotation Term="SAP__CodeList.StandardCode" Path="ISOCode"/>
                <Annotation Term="SAP__CodeList.ExternalCode" Path="ExternalCode"/>
            </Annotations>
            <Annotations Target="cds_zsd_log_gasprodrep_daily.SAP__UnitOfMeasure" xmlns="http://docs.oasis-open.org/odata/ns/edm">
                <Annotation Term="SAP__core.AlternateKeys">
                    <Collection>
                        <Record>
                            <PropertyValue Property="Key">
                                <Collection>
                                    <Record>
                                        <PropertyValue Property="Name" Path="ExternalCode"/>
                                        <PropertyValue Property="Alias" String="ExternalCode"/>
                                    </Record>
                                </Collection>
                            </PropertyValue>
                        </Record>
                    </Collection>
                </Annotation>
            </Annotations>
            <Annotations Target="cds_zsd_log_gasprodrep_daily.SAP__DocumentDescription/CreatedBy" xmlns="http://docs.oasis-open.org/odata/ns/edm">
                <Annotation Term="SAP__core.Computed"/>
            </Annotations>
            <Annotations Target="cds_zsd_log_gasprodrep_daily.SAP__DocumentDescription/CreatedAt" xmlns="http://docs.oasis-open.org/odata/ns/edm">
                <Annotation Term="SAP__core.Computed"/>
            </Annotations>
            <Annotations Target="cds_zsd_log_gasprodrep_daily.SAP__DocumentDescription" xmlns="http://docs.oasis-open.org/odata/ns/edm">
                <Annotation Term="SAP__capabilties.InsertRestrictions">
                    <Record>
                        <PropertyValue Property="Insertable" Bool="false"/>
                    </Record>
                </Annotation>
                <Annotation Term="SAP__capabilties.UpdateRestrictions">
                    <Record>
                        <PropertyValue Property="Updatable" Bool="false"/>
                        <PropertyValue Property="QueryOptions">
                            <Record>
                                <PropertyValue Property="SelectSupported" Bool="true"/>
                            </Record>
                        </PropertyValue>
                    </Record>
                </Annotation>
                <Annotation Term="SAP__capabilties.DeleteRestrictions">
                    <Record>
                        <PropertyValue Property="Deletable" Bool="false"/>
                    </Record>
                </Annotation>
                <Annotation Term="SAP__capabilties.FilterRestrictions">
                    <Record>
                        <PropertyValue Property="FilterExpressionRestrictions">
                            <Collection>
                                <Record>
                                    <PropertyValue Property="Property" PropertyPath="Format/Orientation"/>
                                    <PropertyValue Property="AllowedExpressions" String="Multivalue"/>
                                </Record>
                                <Record>
                                    <PropertyValue Property="Property" PropertyPath="Format/PaperSize"/>
                                    <PropertyValue Property="AllowedExpressions" String="Multivalue"/>
                                </Record>
                            </Collection>
                        </PropertyValue>
                    </Record>
                </Annotation>
            </Annotations>
            <Annotations Target="cds_zsd_log_gasprodrep_daily.SAP__Format/FitToPage/ErrorRecoveryBehavior" xmlns="http://docs.oasis-open.org/odata/ns/edm">
                <Annotation Term="SAP__common.ValueListReferences">
                    <Record>
                        <PropertyValue Property="Url" String="./$metadata"/>
                        <PropertyValue Property="CollectionPath" String="../../../../SAP__ValueHelpSet?$filter=VALUEHELP%20eq%20%27ErrorRecoveryBehaviour%27"/>
                    </Record>
                </Annotation>
                <Annotation Term="SAP__common.ValueListWithFixedValues"/>
            </Annotations>
            <Annotations Target="cds_zsd_log_gasprodrep_daily.SAP__Format/FontName" xmlns="http://docs.oasis-open.org/odata/ns/edm">
                <Annotation Term="SAP__common.ValueListReferences">
                    <Record>
                        <PropertyValue Property="Url" String="./$metadata"/>
                        <PropertyValue Property="CollectionPath" String="SAP__ValueHelpSet?$filter=VALUEHELP%20eq%20%27FontName%27"/>
                    </Record>
                </Annotation>
                <Annotation Term="SAP__common.ValueListWithFixedValues"/>
            </Annotations>
            <Annotations Target="cds_zsd_log_gasprodrep_daily.SAP__Format/PaperSize" xmlns="http://docs.oasis-open.org/odata/ns/edm">
                <Annotation Term="SAP__common.ValueListReferences">
                    <Record>
                        <PropertyValue Property="Url" String="./$metadata"/>
                        <PropertyValue Property="CollectionPath" String="SAP__ValueHelpSet?$filter=VALUEHELP%20eq%20%27PaperSize%27"/>
                    </Record>
                </Annotation>
                <Annotation Term="SAP__common.ValueListWithFixedValues"/>
            </Annotations>
            <Annotations Target="cds_zsd_log_gasprodrep_daily.SAP__Format/Orientation" xmlns="http://docs.oasis-open.org/odata/ns/edm">
                <Annotation Term="SAP__common.ValueListReferences">
                    <Record>
                        <PropertyValue Property="Url" String="./$metadata"/>
                        <PropertyValue Property="CollectionPath" String="SAP__ValueHelpSet?$filter=VALUEHELP%20eq%20%27FontName%27"/>
                    </Record>
                </Annotation>
                <Annotation Term="SAP__common.ValueListWithFixedValues"/>
            </Annotations>
            <Annotations Target="cds_zsd_log_gasprodrep_daily.SAP__TableColumns/HorizontalAlignment" xmlns="http://docs.oasis-open.org/odata/ns/edm">
                <Annotation Term="SAP__common.ValueListReferences">
                    <Record>
                        <PropertyValue Property="Url" String="./$metadata"/>
                        <PropertyValue Property="CollectionPath" String="SAP__ValueHelpSet?$filter=VALUEHELP%20eq%20%27HorizontalAlignment%27"/>
                    </Record>
                </Annotation>
                <Annotation Term="SAP__common.ValueListWithFixedValues"/>
            </Annotations>
            <atom:link rel="self" href="http://crsdevdfmap.crescenterp.local:8000/sap/opu/odata/sap/ZUI_LOG_GASPRODREP_DAILY/$metadata" xmlns:atom="http://www.w3.org/2005/Atom"/>
            <atom:link rel="latest-version" href="http://crsdevdfmap.crescenterp.local:8000/sap/opu/odata/sap/ZUI_LOG_GASPRODREP_DAILY/$metadata" xmlns:atom="http://www.w3.org/2005/Atom"/>
        </Schema>
    </edmx:DataServices>
</edmx:Edmx>