<?xml version="1.0" encoding="utf-8"?>
<edmx:Edmx Version="4.0" xmlns:edmx="http://docs.oasis-open.org/odata/ns/edmx">
    <edmx:Reference Uri="../../catalogservice;v=2/Vocabularies(TechnicalName='%2FIWBEP%2FVOC_COMMON',Version='0001',SAP__Origin='LOCAL')/$value">
        <edmx:Include Namespace="com.sap.vocabularies.Common.v1" Alias="Common"/>
    </edmx:Reference>
    <edmx:Reference Uri="../../catalogservice;v=2/Vocabularies(TechnicalName='%2FIWBEP%2FVOC_UI',Version='0001',SAP__Origin='LOCAL')/$value">
        <edmx:Include Namespace="com.sap.vocabularies.UI.v1" Alias="UI"/>
    </edmx:Reference>
    <edmx:Reference Uri="../../catalogservice;v=2/Vocabularies(TechnicalName='%2FIWBEP%2FVOC_COMMUNICATION',Version='0001',SAP__Origin='LOCAL')/$value">
        <edmx:Include Namespace="com.sap.vocabularies.Communication.v1" Alias="Communication"/>
    </edmx:Reference>
    <edmx:Reference Uri="../../catalogservice;v=2/Vocabularies(TechnicalName='%2FIWBEP%2FVOC_PERSONALDATA',Version='0001',SAP__Origin='LOCAL')/$value">
        <edmx:Include Namespace="com.sap.vocabularies.PersonalData.v1" Alias="PersonalData"/>
    </edmx:Reference>
    <edmx:Reference Uri="../../catalogservice;v=2/Vocabularies(TechnicalName='%2FIWBEP%2FVOC_VALIDATION',Version='0001',SAP__Origin='LOCAL')/$value">
        <edmx:Include Namespace="Org.OData.Validation.V1" Alias="Validation"/>
    </edmx:Reference>
    <edmx:Reference Uri="../../catalogservice;v=2/Vocabularies(TechnicalName='%2FIWBEP%2FVOC_ANALYTICS',Version='0001',SAP__Origin='LOCAL')/$value">
        <edmx:Include Namespace="com.sap.vocabularies.Analytics.v1" Alias="Analytics"/>
    </edmx:Reference>
    <edmx:Reference Uri="../../catalogservice;v=2/Vocabularies(TechnicalName='%2FIWBEP%2FVOC_HTML5',Version='0001',SAP__Origin='LOCAL')/$value">
        <edmx:Include Namespace="com.sap.vocabularies.HTML5.v1" Alias="HTML5"/>
    </edmx:Reference>
    <edmx:Reference Uri="../../../sap/zui_log_gasprodrep_daily/$metadata">
        <edmx:Include Namespace="ZUI_LOG_GASPRODREP_DAILY" Alias="SAP"/>
    </edmx:Reference>
    <edmx:DataServices>
        <Schema Namespace="zui_log_gasprodrep_daily_van.v1" xmlns="http://docs.oasis-open.org/odata/ns/edm">
            <Annotations Target="cds_zsd_log_gasprodrep_daily.GenerateType/p_contract">
                <Annotation Term="UI.Hidden"/>
            </Annotations>
            <Annotations Target="cds_zsd_log_gasprodrep_daily.GenerateType/p_date">
                <Annotation Term="UI.Hidden"/>
            </Annotations>
            <Annotations Target="cds_zsd_log_gasprodrep_daily.PrintType/p_contract">
                <Annotation Term="UI.Hidden"/>
            </Annotations>
            <Annotations Target="cds_zsd_log_gasprodrep_daily.PrintType/p_date">
                <Annotation Term="UI.Hidden"/>
            </Annotations>
            <Annotations Target="cds_zsd_log_gasprodrep_daily.reviseType/p_contract">
                <Annotation Term="UI.Hidden"/>
            </Annotations>
            <Annotations Target="cds_zsd_log_gasprodrep_daily.reviseType/p_date">
                <Annotation Term="UI.Hidden"/>
            </Annotations>
            <Annotations Target="cds_zsd_log_gasprodrep_daily.StaType/Vbeln">
                <Annotation Term="UI.Hidden"/>
            </Annotations>
            <Annotations Target="cds_zsd_log_gasprodrep_daily.StaType/PrStatus">
                <Annotation Term="UI.Hidden"/>
            </Annotations>
            <Annotations Target="cds_zsd_log_gasprodrep_daily.StaType">
                <Annotation Term="UI.Facets">
                    <Collection>
                        <Record Type="UI.ReferenceFacet">
                            <PropertyValue Property="ID" String="Sta"/>
                            <PropertyValue Property="Target" AnnotationPath="@UI.Identification"/>
                        </Record>
                    </Collection>
                </Annotation>
                <Annotation Term="UI.HeaderInfo">
                    <Record>
                        <PropertyValue Property="TypeName" String="Status"/>
                        <PropertyValue Property="TypeNamePlural" String="Approval Status"/>
                        <PropertyValue Property="Title">
                            <Record Type="UI.DataField">
                                <PropertyValue Property="Value" String="">
                                    <Annotation Term="Core.Messages">
                                        <Collection>
                                            <Record>
                                                <PropertyValue Property="code" String="SADL_GW_EXP_VOCAN-001"/>
                                                <PropertyValue Property="message" String="Property 'Status' of annotation 'UI.HEADERINFO.TITLE' in proj./view 'Sta' not found"/>
                                                <PropertyValue Property="severity" String="error"/>
                                            </Record>
                                        </Collection>
                                    </Annotation>
                                </PropertyValue>
                            </Record>
                        </PropertyValue>
                    </Record>
                </Annotation>
                <Annotation Term="UI.Identification">
                    <Collection>
                        <Record Type="UI.DataField">
                            <PropertyValue Property="Label" String="DPR Date"/>
                            <PropertyValue Property="Value" Path="Zdate"/>
                        </Record>
                        <Record Type="UI.DataField">
                            <PropertyValue Property="Label" String="DPR Status"/>
                            <PropertyValue Property="Value" Path="statusDesc"/>
                        </Record>
                        <Record Type="UI.DataField">
                            <PropertyValue Property="Label" String="From Date"/>
                            <PropertyValue Property="Value" Path="FromDate"/>
                        </Record>
                        <Record Type="UI.DataField">
                            <PropertyValue Property="Label" String="From Time"/>
                            <PropertyValue Property="Value" Path="FromTime"/>
                        </Record>
                        <Record Type="UI.DataField">
                            <PropertyValue Property="Label" String="To Date"/>
                            <PropertyValue Property="Value" Path="ToDate"/>
                        </Record>
                        <Record Type="UI.DataField">
                            <PropertyValue Property="Label" String="To Time"/>
                            <PropertyValue Property="Value" Path="ToTime"/>
                        </Record>
                    </Collection>
                </Annotation>
                <Annotation Term="UI.LineItem">
                    <Collection>
                        <Record Type="UI.DataField">
                            <PropertyValue Property="Label" String="DPR Date"/>
                            <PropertyValue Property="Value" Path="Zdate"/>
                        </Record>
                        <Record Type="UI.DataField">
                            <PropertyValue Property="Label" String="DPR Status"/>
                            <PropertyValue Property="Value" Path="statusDesc"/>
                        </Record>
                        <Record Type="UI.DataField">
                            <PropertyValue Property="Label" String="From Date"/>
                            <PropertyValue Property="Value" Path="FromDate"/>
                        </Record>
                        <Record Type="UI.DataField">
                            <PropertyValue Property="Label" String="From Time"/>
                            <PropertyValue Property="Value" Path="FromTime"/>
                        </Record>
                        <Record Type="UI.DataField">
                            <PropertyValue Property="Label" String="To Date"/>
                            <PropertyValue Property="Value" Path="ToDate"/>
                        </Record>
                        <Record Type="UI.DataField">
                            <PropertyValue Property="Label" String="To Time"/>
                            <PropertyValue Property="Value" Path="ToTime"/>
                        </Record>
                    </Collection>
                </Annotation>
            </Annotations>
            <Annotations Target="cds_zsd_log_gasprodrep_daily.dailyType/PrdmmscfQ">
                <Annotation Term="UI.Hidden"/>
            </Annotations>
            <Annotations Target="cds_zsd_log_gasprodrep_daily.dailyType/PrdmmbtuQ">
                <Annotation Term="UI.Hidden"/>
            </Annotations>
            <Annotations Target="cds_zsd_log_gasprodrep_daily.dailyType/AvgghvQ">
                <Annotation Term="UI.Hidden"/>
            </Annotations>
            <Annotations Target="cds_zsd_log_gasprodrep_daily.dailyType/AvgghvSalesQ">
                <Annotation Term="UI.Hidden"/>
            </Annotations>
            <Annotations Target="cds_zsd_log_gasprodrep_daily.dailyType/PeakpressureQ">
                <Annotation Term="UI.Hidden"/>
            </Annotations>
            <Annotations Target="cds_zsd_log_gasprodrep_daily.dailyType/C6mole">
                <Annotation Term="UI.Hidden"/>
            </Annotations>
            <Annotations Target="cds_zsd_log_gasprodrep_daily.dailyType/C7mole">
                <Annotation Term="UI.Hidden"/>
            </Annotations>
            <Annotations Target="cds_zsd_log_gasprodrep_daily.dailyType/C8mole">
                <Annotation Term="UI.Hidden"/>
            </Annotations>
            <Annotations Target="cds_zsd_log_gasprodrep_daily.dailyType/C9mole">
                <Annotation Term="UI.Hidden"/>
            </Annotations>
            <Annotations Target="cds_zsd_log_gasprodrep_daily.dailyType/PrStatus">
                <Annotation Term="UI.Hidden"/>
            </Annotations>
            <Annotations Target="cds_zsd_log_gasprodrep_daily.dailyType/GenerateEnable">
                <Annotation Term="UI.Hidden"/>
            </Annotations>
            <Annotations Target="cds_zsd_log_gasprodrep_daily.dailyType/ReviseEnable">
                <Annotation Term="UI.Hidden"/>
            </Annotations>
            <Annotations Target="cds_zsd_log_gasprodrep_daily.dailyType/PrintEnable">
                <Annotation Term="UI.Hidden"/>
            </Annotations>
            <Annotations Target="cds_zsd_log_gasprodrep_daily.dailyType/UploadEnable">
                <Annotation Term="UI.Hidden"/>
            </Annotations>
            <Annotations Target="cds_zsd_log_gasprodrep_daily.dailyType/DownloadEnable">
                <Annotation Term="UI.Hidden"/>
            </Annotations>
            <Annotations Target="cds_zsd_log_gasprodrep_daily.dailyType/Update_mc">
                <Annotation Term="UI.Hidden"/>
            </Annotations>
            <Annotations Target="cds_zsd_log_gasprodrep_daily.dailyType/to_nom_oc">
                <Annotation Term="UI.Hidden"/>
            </Annotations>
            <Annotations Target="cds_zsd_log_gasprodrep_daily.dailyType">
                <Annotation Term="UI.Facets">
                    <Collection>
                        <Record Type="UI.ReferenceFacet">
                            <PropertyValue Property="Label" String="Approval Status"/>
                            <PropertyValue Property="ID" String="Sta"/>
                            <PropertyValue Property="Target" AnnotationPath="to_sta/@UI.Identification"/>
                        </Record>
                        <Record Type="UI.ReferenceFacet">
                            <PropertyValue Property="Label" String="Status"/>
                            <PropertyValue Property="ID" String="Status"/>
                            <PropertyValue Property="Target" AnnotationPath="to_status/@UI.LineItem"/>
                        </Record>
                        <Record Type="UI.ReferenceFacet">
                            <PropertyValue Property="Label" String="Nomination Data"/>
                            <PropertyValue Property="ID" String="Nom"/>
                            <PropertyValue Property="Target" AnnotationPath="to_nom/@UI.Identification"/>
                        </Record>
                        <Record Type="UI.ReferenceFacet">
                            <PropertyValue Property="Label" String="Measurement Centre Reading"/>
                            <PropertyValue Property="ID" String="Daily"/>
                            <PropertyValue Property="Target" AnnotationPath="@UI.Identification"/>
                        </Record>
                        <Record Type="UI.ReferenceFacet">
                            <PropertyValue Property="Label" String="Daily AvgSales Qty at Measurement center"/>
                            <PropertyValue Property="ID" String="Hourly"/>
                            <PropertyValue Property="Target" AnnotationPath="to_hourly/@UI.LineItem"/>
                        </Record>
                    </Collection>
                </Annotation>
                <Annotation Term="UI.HeaderInfo">
                    <Record>
                        <PropertyValue Property="TypeName" String="Kor Mor Daily Prod Report - Gas Sales"/>
                        <PropertyValue Property="TypeNamePlural" String="Kor Mor Daily Prod Report - Gas Sales"/>
                        <PropertyValue Property="Title">
                            <Record Type="UI.DataField">
                                <PropertyValue Property="Label" String="Kor Mor Daily Prod Report - Gas Sales"/>
                            </Record>
                        </PropertyValue>
                    </Record>
                </Annotation>
                <Annotation Term="UI.Identification">
                    <Collection>
                        <Record Type="UI.DataField">
                            <PropertyValue Property="Label" String="Daily Total Quantity"/>
                            <PropertyValue Property="Value" Path="Prdmmscf"/>
                        </Record>
                        <Record Type="UI.DataField">
                            <PropertyValue Property="Label" String="Average GHV of Gas"/>
                            <PropertyValue Property="Value" Path="Avgghv"/>
                        </Record>
                        <Record Type="UI.DataField">
                            <PropertyValue Property="Label" String="Daily Total Quantity"/>
                            <PropertyValue Property="Value" Path="Prdmmbtu"/>
                        </Record>
                        <Record Type="UI.DataField">
                            <PropertyValue Property="Label" String="Peak Pressure"/>
                            <PropertyValue Property="Value" Path="Peakpressure"/>
                        </Record>
                        <Record Type="UI.DataField">
                            <PropertyValue Property="Label" String="Peak Pressure Time"/>
                            <PropertyValue Property="Value" Path="Peakptime"/>
                        </Record>
                        <Record Type="UI.DataField">
                            <PropertyValue Property="Label" String="Sales Average GHV"/>
                            <PropertyValue Property="Value" Path="AvgghvSales"/>
                        </Record>
                    </Collection>
                </Annotation>
                <Annotation Term="UI.LineItem">
                    <Collection>
                        <Record Type="UI.DataField">
                            <PropertyValue Property="Label" String="Contract"/>
                            <PropertyValue Property="Value" Path="Vbeln"/>
                        </Record>
                        <Record Type="UI.DataField">
                            <PropertyValue Property="Label" String="DPR Date"/>
                            <PropertyValue Property="Value" Path="Zdate"/>
                        </Record>
                        <Record Type="UI.DataField">
                            <PropertyValue Property="Label" String="Daily Total Quantity"/>
                            <PropertyValue Property="Value" Path="Prdmmscf"/>
                        </Record>
                        <Record Type="UI.DataField">
                            <PropertyValue Property="Label" String="Average GHV of Gas"/>
                            <PropertyValue Property="Value" Path="Avgghv"/>
                        </Record>
                        <Record Type="UI.DataField">
                            <PropertyValue Property="Label" String="Daily Total Quantity"/>
                            <PropertyValue Property="Value" Path="Prdmmbtu"/>
                        </Record>
                        <Record Type="UI.DataField">
                            <PropertyValue Property="Label" String="Peak Pressure"/>
                            <PropertyValue Property="Value" Path="Peakpressure"/>
                        </Record>
                        <Record Type="UI.DataField">
                            <PropertyValue Property="Label" String="Peak Pressure Time"/>
                            <PropertyValue Property="Value" Path="Peakptime"/>
                        </Record>
                        <Record Type="UI.DataField">
                            <PropertyValue Property="Label" String="Sales Average GHV"/>
                            <PropertyValue Property="Value" Path="AvgghvSales"/>
                        </Record>
                        <Record Type="UI.DataField">
                            <PropertyValue Property="Label" String="C1 Mole"/>
                            <PropertyValue Property="Value" Path="C1mole"/>
                        </Record>
                        <Record Type="UI.DataField">
                            <PropertyValue Property="Label" String="C2 Mole"/>
                            <PropertyValue Property="Value" Path="C2mole"/>
                        </Record>
                        <Record Type="UI.DataField">
                            <PropertyValue Property="Label" String="C3 Mole"/>
                            <PropertyValue Property="Value" Path="C3mole"/>
                        </Record>
                        <Record Type="UI.DataField">
                            <PropertyValue Property="Label" String="C4 Mole"/>
                            <PropertyValue Property="Value" Path="C4mole"/>
                        </Record>
                        <Record Type="UI.DataField">
                            <PropertyValue Property="Label" String="C5+ Mole"/>
                            <PropertyValue Property="Value" Path="C5mole"/>
                        </Record>
                        <Record Type="UI.DataField">
                            <PropertyValue Property="Label" String="C6 Mole"/>
                            <PropertyValue Property="Value" Path="C6mole"/>
                        </Record>
                        <Record Type="UI.DataField">
                            <PropertyValue Property="Label" String="C7 Mole"/>
                            <PropertyValue Property="Value" Path="C7mole"/>
                        </Record>
                        <Record Type="UI.DataField">
                            <PropertyValue Property="Label" String="C8 Mole"/>
                            <PropertyValue Property="Value" Path="C8mole"/>
                        </Record>
                        <Record Type="UI.DataField">
                            <PropertyValue Property="Label" String="C9 Mole"/>
                            <PropertyValue Property="Value" Path="C9mole"/>
                        </Record>
                        <Record Type="UI.DataField">
                            <PropertyValue Property="Label" String="N2 Mole"/>
                            <PropertyValue Property="Value" Path="N2mole"/>
                        </Record>
                        <Record Type="UI.DataField">
                            <PropertyValue Property="Label" String="CO2 Mole"/>
                            <PropertyValue Property="Value" Path="Co2mole"/>
                        </Record>
                        <Record Type="UI.DataField">
                            <PropertyValue Property="Label" String="O3 Mole"/>
                            <PropertyValue Property="Value" Path="O2mole"/>
                        </Record>
                        <Record Type="UI.DataField">
                            <PropertyValue Property="Label" String="Mole Weight"/>
                            <PropertyValue Property="Value" Path="Moleweight"/>
                        </Record>
                        <Record Type="UI.DataField">
                            <PropertyValue Property="Label" String="Wobbe Index"/>
                            <PropertyValue Property="Value" Path="Wobbeindex"/>
                        </Record>
                        <Record Type="UI.DataField">
                            <PropertyValue Property="Label" String="H2S (PPM)"/>
                            <PropertyValue Property="Value" Path="H2sppm"/>
                        </Record>
                        <Record Type="UI.DataField">
                            <PropertyValue Property="Label" String="HC Dewpoint (?C)"/>
                            <PropertyValue Property="Value" Path="Hcdew"/>
                        </Record>
                        <Record Type="UI.DataField">
                            <PropertyValue Property="Label" String="H2O Dewpoint (?C)"/>
                            <PropertyValue Property="Value" Path="H2odew"/>
                        </Record>
                        <Record Type="UI.DataField">
                            <PropertyValue Property="Label" String="Daily Total (BOE)"/>
                            <PropertyValue Property="Value" Path="Prdboe"/>
                        </Record>
                    </Collection>
                </Annotation>
                <Annotation Term="UI.PresentationVariant">
                    <Record>
                        <PropertyValue Property="SortOrder">
                            <Collection>
                                <Record Type="Common.SortOrderType">
                                    <PropertyValue Property="Property" PropertyPath="Vbeln"/>
                                    <PropertyValue Property="Descending" Bool="false"/>
                                </Record>
                            </Collection>
                        </PropertyValue>
                    </Record>
                </Annotation>
                <Annotation Term="UI.SelectionFields">
                    <Collection>
                        <PropertyPath>Vbeln</PropertyPath>
                        <PropertyPath>Zdate</PropertyPath>
                    </Collection>
                </Annotation>
            </Annotations>
            <Annotations Target="cds_zsd_log_gasprodrep_daily.HourlyType/Vbeln">
                <Annotation Term="UI.Hidden"/>
            </Annotations>
            <Annotations Target="cds_zsd_log_gasprodrep_daily.HourlyType/TimeStamp">
                <Annotation Term="UI.Hidden"/>
            </Annotations>
            <Annotations Target="cds_zsd_log_gasprodrep_daily.HourlyType/Zdate">
                <Annotation Term="UI.Hidden"/>
            </Annotations>
            <Annotations Target="cds_zsd_log_gasprodrep_daily.HourlyType/ZdateHour">
                <Annotation Term="UI.Hidden"/>
            </Annotations>
            <Annotations Target="cds_zsd_log_gasprodrep_daily.HourlyType/C6mole">
                <Annotation Term="UI.Hidden"/>
            </Annotations>
            <Annotations Target="cds_zsd_log_gasprodrep_daily.HourlyType/C7mole">
                <Annotation Term="UI.Hidden"/>
            </Annotations>
            <Annotations Target="cds_zsd_log_gasprodrep_daily.HourlyType/C8mole">
                <Annotation Term="UI.Hidden"/>
            </Annotations>
            <Annotations Target="cds_zsd_log_gasprodrep_daily.HourlyType/C9mole">
                <Annotation Term="UI.Hidden"/>
            </Annotations>
            <Annotations Target="cds_zsd_log_gasprodrep_daily.HourlyType">
                <Annotation Term="UI.Facets">
                    <Collection>
                        <Record Type="UI.ReferenceFacet">
                            <PropertyValue Property="ID" String="Hourly"/>
                            <PropertyValue Property="Target" AnnotationPath="@UI.Identification"/>
                        </Record>
                    </Collection>
                </Annotation>
                <Annotation Term="UI.HeaderInfo">
                    <Record>
                        <PropertyValue Property="TypeName" String="Hourly"/>
                        <PropertyValue Property="Title">
                            <Record Type="UI.DataField">
                                <PropertyValue Property="Value" String="">
                                    <Annotation Term="Core.Messages">
                                        <Collection>
                                            <Record>
                                                <PropertyValue Property="code" String="SADL_GW_EXP_VOCAN-001"/>
                                                <PropertyValue Property="message" String="Property 'Hourly' of annotation 'UI.HEADERINFO.TITLE' in proj./view 'Hourly' not found"/>
                                                <PropertyValue Property="severity" String="error"/>
                                            </Record>
                                        </Collection>
                                    </Annotation>
                                </PropertyValue>
                            </Record>
                        </PropertyValue>
                    </Record>
                    <Annotation Term="Core.Messages">
                        <Collection>
                            <Record>
                                <PropertyValue Property="message" String="UI.HEADERINFO: TypeNamePlural is mandatory"/>
                                <PropertyValue Property="severity" String="error"/>
                            </Record>
                        </Collection>
                    </Annotation>
                </Annotation>
                <Annotation Term="UI.Identification">
                    <Collection>
                        <Record Type="UI.DataField">
                            <PropertyValue Property="Label" String="Time"/>
                            <PropertyValue Property="Value" Path="Ztims"/>
                        </Record>
                        <Record Type="UI.DataField">
                            <PropertyValue Property="Label" String="Contract"/>
                            <PropertyValue Property="Value" Path="Vbeln"/>
                        </Record>
                        <Record Type="UI.DataField">
                            <PropertyValue Property="Label" String="Hourly Quantity (MMSCF)"/>
                            <PropertyValue Property="Value" Path="Hrmmscf"/>
                        </Record>
                        <Record Type="UI.DataField">
                            <PropertyValue Property="Label" String="Cummulative Quantity (MMSCF)"/>
                            <PropertyValue Property="Value" Path="Cummbtu"/>
                        </Record>
                        <Record Type="UI.DataField">
                            <PropertyValue Property="Label" String="Average Pressure (barg)"/>
                            <PropertyValue Property="Value" Path="Avgpressure"/>
                        </Record>
                        <Record Type="UI.DataField">
                            <PropertyValue Property="Label" String="C1 (Mole%)"/>
                            <PropertyValue Property="Value" Path="C1mole"/>
                        </Record>
                        <Record Type="UI.DataField">
                            <PropertyValue Property="Label" String="C2 (Mole%)"/>
                            <PropertyValue Property="Value" Path="C2mole"/>
                        </Record>
                        <Record Type="UI.DataField">
                            <PropertyValue Property="Label" String="C3 (Mole%)"/>
                            <PropertyValue Property="Value" Path="C3mole"/>
                        </Record>
                        <Record Type="UI.DataField">
                            <PropertyValue Property="Label" String="C4 (Mole%)"/>
                            <PropertyValue Property="Value" Path="C4mole"/>
                        </Record>
                        <Record Type="UI.DataField">
                            <PropertyValue Property="Label" String="C5+ (Mole%)"/>
                            <PropertyValue Property="Value" Path="C5mole"/>
                        </Record>
                        <Record Type="UI.DataField">
                            <PropertyValue Property="Label" String="C6 (Mole%)"/>
                            <PropertyValue Property="Value" Path="C6mole"/>
                        </Record>
                        <Record Type="UI.DataField">
                            <PropertyValue Property="Label" String="C7 (Mole%)"/>
                            <PropertyValue Property="Value" Path="C7mole"/>
                        </Record>
                        <Record Type="UI.DataField">
                            <PropertyValue Property="Label" String="C8 (Mole%)"/>
                            <PropertyValue Property="Value" Path="C8mole"/>
                        </Record>
                        <Record Type="UI.DataField">
                            <PropertyValue Property="Label" String="C9 (Mole%)"/>
                            <PropertyValue Property="Value" Path="C9mole"/>
                        </Record>
                        <Record Type="UI.DataField">
                            <PropertyValue Property="Label" String="N2 (Mole%)"/>
                            <PropertyValue Property="Value" Path="N2mole"/>
                        </Record>
                        <Record Type="UI.DataField">
                            <PropertyValue Property="Label" String="CO2 (Mole%)"/>
                            <PropertyValue Property="Value" Path="Co2mole"/>
                        </Record>
                        <Record Type="UI.DataField">
                            <PropertyValue Property="Label" String="O2 (Mole%)"/>
                            <PropertyValue Property="Value" Path="O2mole"/>
                        </Record>
                        <Record Type="UI.DataField">
                            <PropertyValue Property="Label" String="MW"/>
                            <PropertyValue Property="Value" Path="Moleweight"/>
                        </Record>
                        <Record Type="UI.DataField">
                            <PropertyValue Property="Label" String="GHV (BTU/SCF)"/>
                            <PropertyValue Property="Value" Path="Avgghv"/>
                        </Record>
                        <Record Type="UI.DataField">
                            <PropertyValue Property="Label" String="Wobbe Index (BTU/SCF)"/>
                            <PropertyValue Property="Value" Path="Wobbeindex"/>
                        </Record>
                        <Record Type="UI.DataField">
                            <PropertyValue Property="Label" String="H2S (ppm)"/>
                            <PropertyValue Property="Value" Path="H2sppm"/>
                        </Record>
                        <Record Type="UI.DataField">
                            <PropertyValue Property="Label" String="HC Dewpoint (?C)"/>
                            <PropertyValue Property="Value" Path="Hcdew"/>
                        </Record>
                        <Record Type="UI.DataField">
                            <PropertyValue Property="Label" String="H2O Dewpoint (?C)"/>
                            <PropertyValue Property="Value" Path="H2odew"/>
                        </Record>
                    </Collection>
                </Annotation>
                <Annotation Term="UI.LineItem">
                    <Collection>
                        <Record Type="UI.DataField">
                            <PropertyValue Property="Label" String="Time"/>
                            <PropertyValue Property="Value" Path="Ztims"/>
                        </Record>
                        <Record Type="UI.DataField">
                            <PropertyValue Property="Label" String="Hourly Quantity (MMSCF)"/>
                            <PropertyValue Property="Value" Path="Hrmmscf"/>
                        </Record>
                        <Record Type="UI.DataField">
                            <PropertyValue Property="Label" String="Cummulative Quantity (MMSCF)"/>
                            <PropertyValue Property="Value" Path="Cummbtu"/>
                        </Record>
                        <Record Type="UI.DataField">
                            <PropertyValue Property="Label" String="Average Pressure (barg)"/>
                            <PropertyValue Property="Value" Path="Avgpressure"/>
                        </Record>
                        <Record Type="UI.DataField">
                            <PropertyValue Property="Label" String="C1 (Mole%)"/>
                            <PropertyValue Property="Value" Path="C1mole"/>
                        </Record>
                        <Record Type="UI.DataField">
                            <PropertyValue Property="Label" String="C2 (Mole%)"/>
                            <PropertyValue Property="Value" Path="C2mole"/>
                        </Record>
                        <Record Type="UI.DataField">
                            <PropertyValue Property="Label" String="C3 (Mole%)"/>
                            <PropertyValue Property="Value" Path="C3mole"/>
                        </Record>
                        <Record Type="UI.DataField">
                            <PropertyValue Property="Label" String="C4 (Mole%)"/>
                            <PropertyValue Property="Value" Path="C4mole"/>
                        </Record>
                        <Record Type="UI.DataField">
                            <PropertyValue Property="Label" String="C5+ (Mole%)"/>
                            <PropertyValue Property="Value" Path="C5mole"/>
                        </Record>
                        <Record Type="UI.DataField">
                            <PropertyValue Property="Label" String="C6 (Mole%)"/>
                            <PropertyValue Property="Value" Path="C6mole"/>
                        </Record>
                        <Record Type="UI.DataField">
                            <PropertyValue Property="Label" String="C7 (Mole%)"/>
                            <PropertyValue Property="Value" Path="C7mole"/>
                        </Record>
                        <Record Type="UI.DataField">
                            <PropertyValue Property="Label" String="C8 (Mole%)"/>
                            <PropertyValue Property="Value" Path="C8mole"/>
                        </Record>
                        <Record Type="UI.DataField">
                            <PropertyValue Property="Label" String="C9 (Mole%)"/>
                            <PropertyValue Property="Value" Path="C9mole"/>
                        </Record>
                        <Record Type="UI.DataField">
                            <PropertyValue Property="Label" String="N2 (Mole%)"/>
                            <PropertyValue Property="Value" Path="N2mole"/>
                        </Record>
                        <Record Type="UI.DataField">
                            <PropertyValue Property="Label" String="CO2 (Mole%)"/>
                            <PropertyValue Property="Value" Path="Co2mole"/>
                        </Record>
                        <Record Type="UI.DataField">
                            <PropertyValue Property="Label" String="O2 (Mole%)"/>
                            <PropertyValue Property="Value" Path="O2mole"/>
                        </Record>
                        <Record Type="UI.DataField">
                            <PropertyValue Property="Label" String="MW"/>
                            <PropertyValue Property="Value" Path="Moleweight"/>
                        </Record>
                        <Record Type="UI.DataField">
                            <PropertyValue Property="Label" String="GHV (BTU/SCF)"/>
                            <PropertyValue Property="Value" Path="Avgghv"/>
                        </Record>
                        <Record Type="UI.DataField">
                            <PropertyValue Property="Label" String="Wobbe Index (BTU/SCF)"/>
                            <PropertyValue Property="Value" Path="Wobbeindex"/>
                        </Record>
                        <Record Type="UI.DataField">
                            <PropertyValue Property="Label" String="H2S (ppm)"/>
                            <PropertyValue Property="Value" Path="H2sppm"/>
                        </Record>
                        <Record Type="UI.DataField">
                            <PropertyValue Property="Label" String="HC Dewpoint (?C)"/>
                            <PropertyValue Property="Value" Path="Hcdew"/>
                        </Record>
                        <Record Type="UI.DataField">
                            <PropertyValue Property="Label" String="H2O Dewpoint (?C)"/>
                            <PropertyValue Property="Value" Path="H2odew"/>
                        </Record>
                    </Collection>
                </Annotation>
            </Annotations>
            <Annotations Target="cds_zsd_log_gasprodrep_daily.NomType/Zdate">
                <Annotation Term="UI.Hidden"/>
            </Annotations>
            <Annotations Target="cds_zsd_log_gasprodrep_daily.NomType/Pstation1">
                <Annotation Term="UI.Hidden"/>
            </Annotations>
            <Annotations Target="cds_zsd_log_gasprodrep_daily.NomType/Pstation2">
                <Annotation Term="UI.Hidden"/>
            </Annotations>
            <Annotations Target="cds_zsd_log_gasprodrep_daily.NomType/Pstation3">
                <Annotation Term="UI.Hidden"/>
            </Annotations>
            <Annotations Target="cds_zsd_log_gasprodrep_daily.NomType/Pstation4">
                <Annotation Term="UI.Hidden"/>
            </Annotations>
            <Annotations Target="cds_zsd_log_gasprodrep_daily.NomType/SellshortQ">
                <Annotation Term="UI.Hidden"/>
            </Annotations>
            <Annotations Target="cds_zsd_log_gasprodrep_daily.NomType/Quntmaint">
                <Annotation Term="UI.Hidden"/>
            </Annotations>
            <Annotations Target="cds_zsd_log_gasprodrep_daily.NomType/Qunatfm">
                <Annotation Term="UI.Hidden"/>
            </Annotations>
            <Annotations Target="cds_zsd_log_gasprodrep_daily.NomType/Qunstoffspec">
                <Annotation Term="UI.Hidden"/>
            </Annotations>
            <Annotations Target="cds_zsd_log_gasprodrep_daily.NomType">
                <Annotation Term="UI.Facets">
                    <Collection>
                        <Record Type="UI.ReferenceFacet">
                            <PropertyValue Property="ID" String="Nom"/>
                            <PropertyValue Property="Target" AnnotationPath="@UI.Identification"/>
                        </Record>
                    </Collection>
                </Annotation>
                <Annotation Term="UI.HeaderInfo">
                    <Record>
                        <PropertyValue Property="TypeName" String="Nom"/>
                        <PropertyValue Property="TypeNamePlural" String="Noms"/>
                        <PropertyValue Property="Title">
                            <Record Type="UI.DataField">
                                <PropertyValue Property="Value" String="">
                                    <Annotation Term="Core.Messages">
                                        <Collection>
                                            <Record>
                                                <PropertyValue Property="code" String="SADL_GW_EXP_VOCAN-001"/>
                                                <PropertyValue Property="message" String="Property 'Nomination' of annotation 'UI.HEADERINFO.TITLE' in proj./view 'Nom' not found"/>
                                                <PropertyValue Property="severity" String="error"/>
                                            </Record>
                                        </Collection>
                                    </Annotation>
                                </PropertyValue>
                            </Record>
                        </PropertyValue>
                    </Record>
                </Annotation>
                <Annotation Term="UI.Identification">
                    <Collection>
                        <Record Type="UI.DataField">
                            <PropertyValue Property="Label" String="Contract"/>
                            <PropertyValue Property="Value" Path="Vbeln"/>
                        </Record>
                        <Record Type="UI.DataField">
                            <PropertyValue Property="Label" String="Proper Nomination"/>
                            <PropertyValue Property="Value" Path="Propernom"/>
                        </Record>
                        <Record Type="UI.DataField">
                            <PropertyValue Property="Label" String="Corrected Nomination"/>
                            <PropertyValue Property="Value" Path="Correctednom"/>
                        </Record>
                        <Record Type="UI.DataField">
                            <PropertyValue Property="Label" String="Shortfall"/>
                            <PropertyValue Property="Value" Path="SellShort"/>
                        </Record>
                        <Record Type="UI.DataField">
                            <PropertyValue Property="Label" String="Shortfall Category"/>
                            <PropertyValue Property="Value" Path="ShortFall"/>
                        </Record>
                    </Collection>
                </Annotation>
                <Annotation Term="UI.LineItem">
                    <Collection>
                        <Record Type="UI.DataField">
                            <PropertyValue Property="Label" String="Contract"/>
                            <PropertyValue Property="Value" Path="Vbeln"/>
                        </Record>
                        <Record Type="UI.DataField">
                            <PropertyValue Property="Label" String="Proper Nomination"/>
                            <PropertyValue Property="Value" Path="Propernom"/>
                        </Record>
                        <Record Type="UI.DataField">
                            <PropertyValue Property="Label" String="Corrected Nomination"/>
                            <PropertyValue Property="Value" Path="Correctednom"/>
                        </Record>
                        <Record Type="UI.DataField">
                            <PropertyValue Property="Label" String="Shortfall"/>
                            <PropertyValue Property="Value" Path="SellShort"/>
                        </Record>
                        <Record Type="UI.DataField">
                            <PropertyValue Property="Label" String="Shortfall Category"/>
                            <PropertyValue Property="Value" Path="ShortFall"/>
                        </Record>
                    </Collection>
                </Annotation>
            </Annotations>
            <Annotations Target="cds_zsd_log_gasprodrep_daily.StatusType/Vbeln">
                <Annotation Term="UI.Hidden"/>
            </Annotations>
            <Annotations Target="cds_zsd_log_gasprodrep_daily.StatusType/Prtype">
                <Annotation Term="UI.Hidden"/>
            </Annotations>
            <Annotations Target="cds_zsd_log_gasprodrep_daily.StatusType/Zdate">
                <Annotation Term="UI.Hidden"/>
            </Annotations>
            <Annotations Target="cds_zsd_log_gasprodrep_daily.StatusType/Zyearmonth">
                <Annotation Term="UI.Hidden"/>
            </Annotations>
            <Annotations Target="cds_zsd_log_gasprodrep_daily.StatusType/Zyear">
                <Annotation Term="UI.Hidden"/>
            </Annotations>
            <Annotations Target="cds_zsd_log_gasprodrep_daily.StatusType/Status">
                <Annotation Term="UI.Hidden"/>
            </Annotations>
            <Annotations Target="cds_zsd_log_gasprodrep_daily.StatusType">
                <Annotation Term="UI.Facets">
                    <Collection>
                        <Record Type="UI.ReferenceFacet">
                            <PropertyValue Property="Label" String="Status"/>
                            <PropertyValue Property="ID" String="Status"/>
                            <PropertyValue Property="Target" AnnotationPath="@UI.Identification"/>
                        </Record>
                    </Collection>
                </Annotation>
                <Annotation Term="UI.Identification">
                    <Collection>
                        <Record Type="UI.DataField">
                            <PropertyValue Property="Label" String="Approval Level"/>
                            <PropertyValue Property="Value" Path="AppLevel"/>
                        </Record>
                        <Record Type="UI.DataField">
                            <PropertyValue Property="Label" String="User Name"/>
                            <PropertyValue Property="Value" Path="UserName"/>
                        </Record>
                        <Record Type="UI.DataField">
                            <PropertyValue Property="Label" String="Status"/>
                            <PropertyValue Property="Value" Path="StatusDesc"/>
                        </Record>
                        <Record Type="UI.DataField">
                            <PropertyValue Property="Label" String="Comments"/>
                            <PropertyValue Property="Value" Path="Comments"/>
                        </Record>
                    </Collection>
                </Annotation>
                <Annotation Term="UI.LineItem">
                    <Collection>
                        <Record Type="UI.DataField">
                            <PropertyValue Property="Label" String="Approval Level"/>
                            <PropertyValue Property="Value" Path="AppLevel"/>
                        </Record>
                        <Record Type="UI.DataField">
                            <PropertyValue Property="Label" String="User Name"/>
                            <PropertyValue Property="Value" Path="UserName"/>
                        </Record>
                        <Record Type="UI.DataField">
                            <PropertyValue Property="Label" String="Status"/>
                            <PropertyValue Property="Value" Path="StatusDesc"/>
                        </Record>
                        <Record Type="UI.DataField">
                            <PropertyValue Property="Label" String="Comments"/>
                            <PropertyValue Property="Value" Path="Comments"/>
                        </Record>
                    </Collection>
                </Annotation>
            </Annotations>
        </Schema>
    </edmx:DataServices>
</edmx:Edmx>