<?xml version="1.0" encoding="utf-8"?>
<edmx:Edmx Version="1.0" xmlns:edmx="http://schemas.microsoft.com/ado/2007/06/edmx" xmlns:m="http://schemas.microsoft.com/ado/2007/08/dataservices/metadata" xmlns:sap="http://www.sap.com/Protocols/SAPData">
    <edmx:Reference Uri="./sap/opu/odata/iwfnd/catalogservice;v=2/Vocabularies(TechnicalName='%2FIWBEP%2FVOC_AGGREGATION',Version='0001',SAP__Origin='')/$value" xmlns:edmx="http://docs.oasis-open.org/odata/ns/edmx">
        <edmx:Include Namespace="Org.OData.Aggregation.V1" Alias="Aggregation"/>
    </edmx:Reference>
    <edmx:Reference Uri="./sap/opu/odata/iwfnd/catalogservice;v=2/Vocabularies(TechnicalName='%2FIWBEP%2FVOC_ANALYTICS',Version='0001',SAP__Origin='')/$value" xmlns:edmx="http://docs.oasis-open.org/odata/ns/edmx">
        <edmx:Include Namespace="com.sap.vocabularies.Analytics.v1" Alias="Analytics"/>
    </edmx:Reference>
    <edmx:Reference Uri="./sap/opu/odata/iwfnd/catalogservice;v=2/Vocabularies(TechnicalName='%2FIWBEP%2FVOC_CAPABILITIES',Version='0001',SAP__Origin='')/$value" xmlns:edmx="http://docs.oasis-open.org/odata/ns/edmx">
        <edmx:Include Namespace="Org.OData.Capabilities.V1" Alias="Capabilities"/>
    </edmx:Reference>
    <edmx:Reference Uri="./sap/opu/odata/iwfnd/catalogservice;v=2/Vocabularies(TechnicalName='%2FIWBEP%2FVOC_CODELIST',Version='0001',SAP__Origin='')/$value" xmlns:edmx="http://docs.oasis-open.org/odata/ns/edmx">
        <edmx:Include Namespace="com.sap.vocabularies.CodeList.v1" Alias="SAP__CodeList"/>
    </edmx:Reference>
    <edmx:Reference Uri="./sap/opu/odata/iwfnd/catalogservice;v=2/Vocabularies(TechnicalName='%2FIWBEP%2FVOC_COMMON',Version='0001',SAP__Origin='')/$value" xmlns:edmx="http://docs.oasis-open.org/odata/ns/edmx">
        <edmx:Include Namespace="com.sap.vocabularies.Common.v1" Alias="Common"/>
        <edmx:Include Namespace="com.sap.vocabularies.Common.v1" Alias="SAP__common"/>
    </edmx:Reference>
    <edmx:Reference Uri="./sap/opu/odata/iwfnd/catalogservice;v=2/Vocabularies(TechnicalName='%2FIWBEP%2FVOC_COMMUNICATION',Version='0001',SAP__Origin='')/$value" xmlns:edmx="http://docs.oasis-open.org/odata/ns/edmx">
        <edmx:Include Namespace="com.sap.vocabularies.Communication.v1" Alias="Communication"/>
    </edmx:Reference>
    <edmx:Reference Uri="./sap/opu/odata/iwfnd/catalogservice;v=2/Vocabularies(TechnicalName='%2FIWBEP%2FVOC_CORE',Version='0001',SAP__Origin='')/$value" xmlns:edmx="http://docs.oasis-open.org/odata/ns/edmx">
        <edmx:Include Namespace="Org.OData.Core.V1" Alias="SAP__core"/>
    </edmx:Reference>
    <edmx:Reference Uri="./sap/opu/odata/iwfnd/catalogservice;v=2/Vocabularies(TechnicalName='%2FIWBEP%2FVOC_MEASURES',Version='0001',SAP__Origin='')/$value" xmlns:edmx="http://docs.oasis-open.org/odata/ns/edmx">
        <edmx:Include Namespace="Org.OData.Measures.V1" Alias="Measures"/>
    </edmx:Reference>
    <edmx:Reference Uri="./sap/opu/odata/iwfnd/catalogservice;v=2/Vocabularies(TechnicalName='%2FIWBEP%2FVOC_PDF',Version='0001',SAP__Origin='')/$value" xmlns:edmx="http://docs.oasis-open.org/odata/ns/edmx">
        <edmx:Include Namespace="com.sap.vocabularies.PDF.v1" Alias="SAP__PDF"/>
    </edmx:Reference>
    <edmx:Reference Uri="./sap/opu/odata/iwfnd/catalogservice;v=2/Vocabularies(TechnicalName='%2FIWBEP%2FVOC_PERSONALDATA',Version='0001',SAP__Origin='')/$value" xmlns:edmx="http://docs.oasis-open.org/odata/ns/edmx">
        <edmx:Include Namespace="com.sap.vocabularies.PersonalData.v1" Alias="PersonalData"/>
    </edmx:Reference>
    <edmx:Reference Uri="./sap/opu/odata/iwfnd/catalogservice;v=2/Vocabularies(TechnicalName='%2FIWBEP%2FVOC_UI',Version='0001',SAP__Origin='')/$value" xmlns:edmx="http://docs.oasis-open.org/odata/ns/edmx">
        <edmx:Include Namespace="com.sap.vocabularies.UI.v1" Alias="UI"/>
    </edmx:Reference>
    <edmx:Reference Uri="./sap/opu/odata/iwfnd/catalogservice;v=2/Vocabularies(TechnicalName='%2FIWBEP%2FVOC_VALIDATION',Version='0001',SAP__Origin='')/$value" xmlns:edmx="http://docs.oasis-open.org/odata/ns/edmx">
        <edmx:Include Namespace="Org.OData.Validation.V1" Alias="Validation"/>
    </edmx:Reference>
    <edmx:Reference Uri="./sap/opu/odata/iwfnd/catalogservice;v=2/Vocabularies(TechnicalName='SAP__SELF',Version='0001',SAP__Origin='')/$value" xmlns:edmx="http://docs.oasis-open.org/odata/ns/edmx">
        <edmx:Include Namespace="com.sap.vocabularies.PDF.v1" Alias="SAP__PDF"/>
    </edmx:Reference>
    <edmx:DataServices m:DataServiceVersion="2.0">
        <Schema Namespace="cds_zsd_log_gasprodrep_monthly" xml:lang="en" sap:schema-version="1" xmlns="http://schemas.microsoft.com/ado/2008/09/edm">
            <Annotation Term="Core.SchemaVersion" String="1.0.0" xmlns="http://docs.oasis-open.org/odata/ns/edm"/>
            <EntityType Name="CreateSalesType" sap:label="Create Sales Order Monthly GAS Production report" sap:content-version="1">
                <Key>
                    <PropertyRef Name="p_contract"/>
                    <PropertyRef Name="p_yearmonth"/>
                    <PropertyRef Name="Contract"/>
                </Key>
                <Property Name="p_contract" Type="Edm.String" Nullable="false" MaxLength="10" sap:display-format="UpperCase" sap:label="SD Document"/>
                <Property Name="p_yearmonth" Type="Edm.String" Nullable="false" MaxLength="6" sap:display-format="NonNegative" sap:label="Year Month"/>
                <Property Name="Contract" Type="Edm.String" Nullable="false" MaxLength="10" sap:display-format="UpperCase" sap:label="SD Document" sap:quickinfo="Sales and Distribution Document Number"/>
                <Property Name="Zyearmonth" Type="Edm.String" MaxLength="6" sap:display-format="NonNegative" sap:label="Year Month"/>
                <Property Name="PrStatus" Type="Edm.String" MaxLength="1" sap:display-format="UpperCase" sap:label="PR Status" sap:quickinfo="Production Report Status"/>
                <Property Name="msgty" Type="Edm.String" MaxLength="1" sap:display-format="UpperCase" sap:label="Message Type" sap:quickinfo="ABAP System Field: Message Type"/>
                <Property Name="msg" Type="Edm.String" MaxLength="1024" sap:display-format="UpperCase" sap:label="String" sap:quickinfo="Character 1024"/>
                <NavigationProperty Name="Parameters" Relationship="cds_zsd_log_gasprodrep_monthly.assoc_54E66F7B4034358F6800870C29E609D6" FromRole="ToRole_assoc_54E66F7B4034358F6800870C29E609D6" ToRole="FromRole_assoc_54E66F7B4034358F6800870C29E609D6" sap:filterable="false"/>
            </EntityType>
            <EntityType Name="CreateSalesParameters" sap:semantics="parameters" sap:content-version="1">
                <Key>
                    <PropertyRef Name="p_contract"/>
                    <PropertyRef Name="p_yearmonth"/>
                </Key>
                <Property Name="p_contract" Type="Edm.String" Nullable="false" MaxLength="10" sap:display-format="UpperCase" sap:parameter="mandatory" sap:label="SD Document" sap:creatable="false" sap:updatable="false" sap:sortable="false" sap:filterable="false"/>
                <Property Name="p_yearmonth" Type="Edm.String" Nullable="false" MaxLength="6" sap:display-format="NonNegative" sap:parameter="mandatory" sap:label="Year Month" sap:creatable="false" sap:updatable="false" sap:sortable="false" sap:filterable="false"/>
                <NavigationProperty Name="Set" Relationship="cds_zsd_log_gasprodrep_monthly.assoc_54E66F7B4034358F6800870C29E609D6" FromRole="FromRole_assoc_54E66F7B4034358F6800870C29E609D6" ToRole="ToRole_assoc_54E66F7B4034358F6800870C29E609D6"/>
            </EntityType>
            <EntityType Name="GenerateType" sap:label="Generate Monthly GAS Production report" sap:content-version="1">
                <Key>
                    <PropertyRef Name="p_contract"/>
                    <PropertyRef Name="p_yearmonth"/>
                    <PropertyRef Name="Contract"/>
                </Key>
                <Property Name="p_contract" Type="Edm.String" Nullable="false" MaxLength="10" sap:display-format="UpperCase" sap:label="SD Document"/>
                <Property Name="p_yearmonth" Type="Edm.String" Nullable="false" MaxLength="6" sap:display-format="NonNegative" sap:label="Year Month"/>
                <Property Name="Contract" Type="Edm.String" Nullable="false" MaxLength="10" sap:display-format="UpperCase" sap:label="SD Document" sap:quickinfo="Sales and Distribution Document Number"/>
                <Property Name="Zyearmonth" Type="Edm.String" MaxLength="6" sap:display-format="NonNegative" sap:label="Year Month"/>
                <Property Name="PrStatus" Type="Edm.String" MaxLength="1" sap:display-format="UpperCase" sap:label="PR Status" sap:quickinfo="Production Report Status"/>
                <Property Name="msgty" Type="Edm.String" MaxLength="1" sap:display-format="UpperCase" sap:label="Message Type" sap:quickinfo="ABAP System Field: Message Type"/>
                <Property Name="msg" Type="Edm.String" MaxLength="1024" sap:display-format="UpperCase" sap:label="String" sap:quickinfo="Character 1024"/>
                <NavigationProperty Name="Parameters" Relationship="cds_zsd_log_gasprodrep_monthly.assoc_648B67DB387B53B739D2FB4C2BC06007" FromRole="ToRole_assoc_648B67DB387B53B739D2FB4C2BC06007" ToRole="FromRole_assoc_648B67DB387B53B739D2FB4C2BC06007" sap:filterable="false"/>
            </EntityType>
            <EntityType Name="GenerateParameters" sap:semantics="parameters" sap:content-version="1">
                <Key>
                    <PropertyRef Name="p_contract"/>
                    <PropertyRef Name="p_yearmonth"/>
                </Key>
                <Property Name="p_contract" Type="Edm.String" Nullable="false" MaxLength="10" sap:display-format="UpperCase" sap:parameter="mandatory" sap:label="SD Document" sap:creatable="false" sap:updatable="false" sap:sortable="false" sap:filterable="false"/>
                <Property Name="p_yearmonth" Type="Edm.String" Nullable="false" MaxLength="6" sap:display-format="NonNegative" sap:parameter="mandatory" sap:label="Year Month" sap:creatable="false" sap:updatable="false" sap:sortable="false" sap:filterable="false"/>
                <NavigationProperty Name="Set" Relationship="cds_zsd_log_gasprodrep_monthly.assoc_648B67DB387B53B739D2FB4C2BC06007" FromRole="FromRole_assoc_648B67DB387B53B739D2FB4C2BC06007" ToRole="ToRole_assoc_648B67DB387B53B739D2FB4C2BC06007"/>
            </EntityType>
            <EntityType Name="PrintType" sap:label="Print Monthly Gas Production report" sap:content-version="1">
                <Key>
                    <PropertyRef Name="p_contract"/>
                    <PropertyRef Name="p_yearmonth"/>
                    <PropertyRef Name="stream_data"/>
                </Key>
                <Property Name="p_contract" Type="Edm.String" Nullable="false" MaxLength="10" sap:display-format="UpperCase" sap:label="SD Document"/>
                <Property Name="p_yearmonth" Type="Edm.String" Nullable="false" MaxLength="6" sap:display-format="NonNegative" sap:label="Year Month"/>
                <Property Name="stream_data" Type="Edm.Binary" Nullable="false" sap:label="PDF Raw Data" sap:quickinfo="PDF Raw string"/>
                <NavigationProperty Name="Parameters" Relationship="cds_zsd_log_gasprodrep_monthly.assoc_C164EA537F0DE9B540E35D44717C5F19" FromRole="ToRole_assoc_C164EA537F0DE9B540E35D44717C5F19" ToRole="FromRole_assoc_C164EA537F0DE9B540E35D44717C5F19" sap:filterable="false"/>
            </EntityType>
            <EntityType Name="PrintParameters" sap:semantics="parameters" sap:content-version="1">
                <Key>
                    <PropertyRef Name="p_contract"/>
                    <PropertyRef Name="p_yearmonth"/>
                </Key>
                <Property Name="p_contract" Type="Edm.String" Nullable="false" MaxLength="10" sap:display-format="UpperCase" sap:parameter="mandatory" sap:label="SD Document" sap:creatable="false" sap:updatable="false" sap:sortable="false" sap:filterable="false"/>
                <Property Name="p_yearmonth" Type="Edm.String" Nullable="false" MaxLength="6" sap:display-format="NonNegative" sap:parameter="mandatory" sap:label="Year Month" sap:creatable="false" sap:updatable="false" sap:sortable="false" sap:filterable="false"/>
                <NavigationProperty Name="Set" Relationship="cds_zsd_log_gasprodrep_monthly.assoc_C164EA537F0DE9B540E35D44717C5F19" FromRole="FromRole_assoc_C164EA537F0DE9B540E35D44717C5F19" ToRole="ToRole_assoc_C164EA537F0DE9B540E35D44717C5F19"/>
            </EntityType>
            <EntityType Name="ReviseType" sap:label="Revise Monthly GAS Production report" sap:content-version="1">
                <Key>
                    <PropertyRef Name="p_contract"/>
                    <PropertyRef Name="p_yearmonth"/>
                    <PropertyRef Name="Contract"/>
                </Key>
                <Property Name="p_contract" Type="Edm.String" Nullable="false" MaxLength="10" sap:display-format="UpperCase" sap:label="SD Document"/>
                <Property Name="p_yearmonth" Type="Edm.String" Nullable="false" MaxLength="6" sap:display-format="NonNegative" sap:label="Year Month"/>
                <Property Name="Contract" Type="Edm.String" Nullable="false" MaxLength="10" sap:display-format="UpperCase" sap:label="SD Document" sap:quickinfo="Sales and Distribution Document Number"/>
                <Property Name="Zyearmonth" Type="Edm.String" MaxLength="6" sap:display-format="NonNegative" sap:label="Year Month"/>
                <Property Name="PrStatus" Type="Edm.String" MaxLength="1" sap:display-format="UpperCase" sap:label="PR Status" sap:quickinfo="Production Report Status"/>
                <Property Name="msgty" Type="Edm.String" MaxLength="1" sap:display-format="UpperCase" sap:label="Message Type" sap:quickinfo="ABAP System Field: Message Type"/>
                <Property Name="msg" Type="Edm.String" MaxLength="1024" sap:display-format="UpperCase" sap:label="String" sap:quickinfo="Character 1024"/>
                <NavigationProperty Name="Parameters" Relationship="cds_zsd_log_gasprodrep_monthly.assoc_437A30468DF834D143529F2EBD07F03A" FromRole="ToRole_assoc_437A30468DF834D143529F2EBD07F03A" ToRole="FromRole_assoc_437A30468DF834D143529F2EBD07F03A" sap:filterable="false"/>
            </EntityType>
            <EntityType Name="ReviseParameters" sap:semantics="parameters" sap:content-version="1">
                <Key>
                    <PropertyRef Name="p_contract"/>
                    <PropertyRef Name="p_yearmonth"/>
                </Key>
                <Property Name="p_contract" Type="Edm.String" Nullable="false" MaxLength="10" sap:display-format="UpperCase" sap:parameter="mandatory" sap:label="SD Document" sap:creatable="false" sap:updatable="false" sap:sortable="false" sap:filterable="false"/>
                <Property Name="p_yearmonth" Type="Edm.String" Nullable="false" MaxLength="6" sap:display-format="NonNegative" sap:parameter="mandatory" sap:label="Year Month" sap:creatable="false" sap:updatable="false" sap:sortable="false" sap:filterable="false"/>
                <NavigationProperty Name="Set" Relationship="cds_zsd_log_gasprodrep_monthly.assoc_437A30468DF834D143529F2EBD07F03A" FromRole="FromRole_assoc_437A30468DF834D143529F2EBD07F03A" ToRole="ToRole_assoc_437A30468DF834D143529F2EBD07F03A"/>
            </EntityType>
            <EntityType Name="StatusType" sap:label="Consumption view for Sales Gas Prod Monthly Status Data" sap:content-version="1">
                <Key>
                    <PropertyRef Name="Vbeln"/>
                    <PropertyRef Name="Prtype"/>
                    <PropertyRef Name="AppLevel"/>
                    <PropertyRef Name="Zyearmonth"/>
                    <PropertyRef Name="Zyear"/>
                </Key>
                <Property Name="Vbeln" Type="Edm.String" Nullable="false" MaxLength="10" sap:display-format="UpperCase" sap:label="SD Document" sap:quickinfo="Sales and Distribution Document Number"/>
                <Property Name="Prtype" Type="Edm.String" Nullable="false" MaxLength="1" sap:display-format="UpperCase" sap:label="PR Type" sap:quickinfo="Production Report type"/>
                <Property Name="AppLevel" Type="Edm.String" Nullable="false" MaxLength="1" sap:display-format="NonNegative" sap:label="Approval Level"/>
                <Property Name="Zyearmonth" Type="Edm.String" Nullable="false" MaxLength="6" sap:display-format="NonNegative" sap:label="Year Month"/>
                <Property Name="Zyear" Type="Edm.String" Nullable="false" MaxLength="4" sap:display-format="NonNegative" sap:label="Year"/>
                <Property Name="UserID" Type="Edm.String" MaxLength="12" sap:display-format="UpperCase" sap:label="User" sap:quickinfo="User Name in User Master Record"/>
                <Property Name="UserName" Type="Edm.String" MaxLength="80" sap:label="Full Name" sap:quickinfo="Full Name of Person"/>
                <Property Name="Status" Type="Edm.String" MaxLength="1" sap:display-format="UpperCase" sap:label="Status" sap:quickinfo="Workflow Status"/>
                <Property Name="StatusDesc" Type="Edm.String" MaxLength="60" sap:label="Approval Status Desc" sap:quickinfo="Approval Status Description"/>
                <Property Name="Comments" Type="Edm.String" MaxLength="50" sap:label="Approval Comments"/>
                <NavigationProperty Name="to_month" Relationship="cds_zsd_log_gasprodrep_monthly.assoc_8320ACA121A504E8946D541CD1CA9E24" FromRole="ToRole_assoc_8320ACA121A504E8946D541CD1CA9E24" ToRole="FromRole_assoc_8320ACA121A504E8946D541CD1CA9E24"/>
            </EntityType>
            <EntityType Name="AprStatType" sap:label="Consumption view for Sales Gas Prod Monthly Approval Data" sap:content-version="1">
                <Key>
                    <PropertyRef Name="Vbeln"/>
                    <PropertyRef Name="ZyearMonth"/>
                </Key>
                <Property Name="Vbeln" Type="Edm.String" Nullable="false" MaxLength="10" sap:display-format="UpperCase" sap:label="SD Document" sap:quickinfo="Sales and Distribution Document Number"/>
                <Property Name="ZyearMonth" Type="Edm.String" Nullable="false" MaxLength="6"/>
                <Property Name="YearMonth" Type="Edm.String" MaxLength="7"/>
                <Property Name="FromDate" Type="Edm.DateTime" Precision="0" sap:display-format="Date"/>
                <Property Name="FromTime" Type="Edm.Time" Precision="0" sap:label="Time"/>
                <Property Name="ToDate" Type="Edm.DateTime" Precision="0" sap:display-format="Date"/>
                <Property Name="ToTime" Type="Edm.Time" Precision="0" sap:label="Time"/>
                <Property Name="prstatus" Type="Edm.String" MaxLength="1" sap:display-format="UpperCase" sap:label="PR Status" sap:quickinfo="Production Report Status"/>
                <Property Name="StatusDesc" Type="Edm.String" MaxLength="60" sap:label="Approval Status Desc" sap:quickinfo="Approval Status Description"/>
                <NavigationProperty Name="to_month" Relationship="cds_zsd_log_gasprodrep_monthly.assoc_6F6D24F3AD548DBB987599C1024B5243" FromRole="ToRole_assoc_6F6D24F3AD548DBB987599C1024B5243" ToRole="FromRole_assoc_6F6D24F3AD548DBB987599C1024B5243"/>
            </EntityType>
            <EntityType Name="DailyType" sap:label="Consumption view for Sales Gas Prod Monthly Daily Data" sap:content-version="1">
                <Key>
                    <PropertyRef Name="Vbeln"/>
                    <PropertyRef Name="zyearmonth"/>
                    <PropertyRef Name="Zdate"/>
                </Key>
                <Property Name="Vbeln" Type="Edm.String" Nullable="false" MaxLength="10" sap:display-format="UpperCase" sap:label="SD Document" sap:quickinfo="Sales and Distribution Document Number"/>
                <Property Name="zyearmonth" Type="Edm.String" Nullable="false" MaxLength="6"/>
                <Property Name="Zdate" Type="Edm.DateTime" Nullable="false" Precision="0" sap:display-format="Date" sap:label="Date"/>
                <Property Name="Zdatelong" Type="Edm.String" MaxLength="30"/>
                <Property Name="Prdmmscf" Type="Edm.String" MaxLength="17"/>
                <Property Name="Prdmmbtu" Type="Edm.String" MaxLength="17"/>
                <Property Name="Avgghv" Type="Edm.String" MaxLength="17"/>
                <Property Name="AvgghvSales" Type="Edm.String" MaxLength="17"/>
                <Property Name="Peakpressure" Type="Edm.String" MaxLength="17"/>
                <Property Name="C1mole" Type="Edm.String" MaxLength="17"/>
                <Property Name="C2mole" Type="Edm.String" MaxLength="17"/>
                <Property Name="C3mole" Type="Edm.String" MaxLength="17"/>
                <Property Name="C4mole" Type="Edm.String" MaxLength="17"/>
                <Property Name="C5mole" Type="Edm.String" MaxLength="17"/>
                <Property Name="C6mole" Type="Edm.String" MaxLength="17"/>
                <Property Name="C7mole" Type="Edm.String" MaxLength="17"/>
                <Property Name="C8mole" Type="Edm.String" MaxLength="17"/>
                <Property Name="C9mole" Type="Edm.String" MaxLength="17"/>
                <Property Name="N2mole" Type="Edm.String" MaxLength="17"/>
                <Property Name="Co2mole" Type="Edm.String" MaxLength="17"/>
                <Property Name="O2mole" Type="Edm.String" MaxLength="17"/>
                <Property Name="Moleweight" Type="Edm.String" MaxLength="17"/>
                <Property Name="Wobbeindex" Type="Edm.String" MaxLength="17"/>
                <Property Name="H2sppm" Type="Edm.String" MaxLength="17"/>
                <Property Name="Hcdew" Type="Edm.String" MaxLength="17"/>
                <Property Name="H2odew" Type="Edm.String" MaxLength="17"/>
                <Property Name="Prdboe" Type="Edm.String" MaxLength="17"/>
                <Property Name="Pstation1" Type="Edm.String" MaxLength="17"/>
                <Property Name="Pstation2" Type="Edm.String" MaxLength="17"/>
                <Property Name="Pstation3" Type="Edm.String" MaxLength="17"/>
                <Property Name="Pstation4" Type="Edm.String" MaxLength="17"/>
                <Property Name="Propernom" Type="Edm.String" MaxLength="17"/>
                <Property Name="Correctednom" Type="Edm.String" MaxLength="17"/>
                <Property Name="Sellshort" Type="Edm.String" MaxLength="17"/>
                <Property Name="Quntmaint" Type="Edm.String" MaxLength="17"/>
                <Property Name="Qunatfm" Type="Edm.String" MaxLength="17"/>
                <Property Name="Qunstoffspec" Type="Edm.String" MaxLength="17"/>
                <NavigationProperty Name="to_month" Relationship="cds_zsd_log_gasprodrep_monthly.assoc_3D52DC451C4D6D9E24DCD17D5B14C011" FromRole="ToRole_assoc_3D52DC451C4D6D9E24DCD17D5B14C011" ToRole="FromRole_assoc_3D52DC451C4D6D9E24DCD17D5B14C011"/>
            </EntityType>
            <EntityType Name="MonthlyType" sap:label="Consumption view for Sales Gas Prod Monthly Data" sap:content-version="1">
                <Key>
                    <PropertyRef Name="Vbeln"/>
                    <PropertyRef Name="zyearmonth"/>
                </Key>
                <Property Name="Vbeln" Type="Edm.String" Nullable="false" MaxLength="10" sap:display-format="UpperCase" sap:label="Contract" sap:quickinfo="Sales and Distribution Document Number"/>
                <Property Name="zyearmonth" Type="Edm.String" Nullable="false" MaxLength="6" sap:label="MPR Month"/>
                <Property Name="Prdmmscf" Type="Edm.String" MaxLength="24"/>
                <Property Name="PrdmmscfQ" Type="Edm.Decimal" Precision="13" Scale="3"/>
                <Property Name="Prdmmbtu" Type="Edm.String" MaxLength="24"/>
                <Property Name="PrdmmbtuQ" Type="Edm.Decimal" Precision="13" Scale="2"/>
                <Property Name="Avgghv" Type="Edm.String" MaxLength="26"/>
                <Property Name="AvgghvQ" Type="Edm.Decimal" Precision="12" Scale="2"/>
                <Property Name="MAvgghv" Type="Edm.String" MaxLength="24"/>
                <Property Name="MavgghvQ" Type="Edm.Decimal" Precision="13" Scale="2"/>
                <Property Name="AvgghvSales" Type="Edm.String" MaxLength="26"/>
                <Property Name="AvgghvSalesQ" Type="Edm.Decimal" Precision="12" Scale="2"/>
                <Property Name="ProperNom" Type="Edm.String" MaxLength="24"/>
                <Property Name="ProperNomQ" Type="Edm.Decimal" Precision="13" Scale="0"/>
                <Property Name="CorrectedNom" Type="Edm.String" MaxLength="24"/>
                <Property Name="CorrectedNomQ" Type="Edm.Decimal" Precision="13" Scale="0"/>
                <Property Name="SellShort" Type="Edm.String" MaxLength="24"/>
                <Property Name="SellShortQ" Type="Edm.Decimal" Precision="13" Scale="2"/>
                <Property Name="Quntmaint" Type="Edm.String" MaxLength="24"/>
                <Property Name="QuntmaintQ" Type="Edm.Decimal" Precision="13" Scale="2"/>
                <Property Name="Qunatfm" Type="Edm.String" MaxLength="24"/>
                <Property Name="QunatfmQ" Type="Edm.Decimal" Precision="13" Scale="2"/>
                <Property Name="Qunstoffspec" Type="Edm.String" MaxLength="24"/>
                <Property Name="QunstoffspecQ" Type="Edm.Decimal" Precision="13" Scale="2"/>
                <Property Name="C1mole" Type="Edm.Decimal" Precision="13" Scale="2"/>
                <Property Name="C2mole" Type="Edm.Decimal" Precision="13" Scale="2"/>
                <Property Name="C3mole" Type="Edm.Decimal" Precision="13" Scale="2"/>
                <Property Name="C4mole" Type="Edm.Decimal" Precision="13" Scale="2"/>
                <Property Name="C5mole" Type="Edm.Decimal" Precision="13" Scale="2"/>
                <Property Name="C6mole" Type="Edm.Decimal" Precision="13" Scale="2"/>
                <Property Name="C7mole" Type="Edm.Decimal" Precision="13" Scale="2"/>
                <Property Name="C8mole" Type="Edm.Decimal" Precision="13" Scale="2"/>
                <Property Name="C9mole" Type="Edm.Decimal" Precision="13" Scale="2"/>
                <Property Name="N2mole" Type="Edm.Decimal" Precision="13" Scale="2"/>
                <Property Name="Co2mole" Type="Edm.Decimal" Precision="13" Scale="2"/>
                <Property Name="O2mole" Type="Edm.Decimal" Precision="13" Scale="2"/>
                <Property Name="Moleweight" Type="Edm.Decimal" Precision="13" Scale="2"/>
                <Property Name="Wobbeindex" Type="Edm.Decimal" Precision="13" Scale="2"/>
                <Property Name="H2sppm" Type="Edm.Decimal" Precision="6" Scale="2"/>
                <Property Name="Hcdew" Type="Edm.Decimal" Precision="6" Scale="2"/>
                <Property Name="H2odew" Type="Edm.Decimal" Precision="6" Scale="2"/>
                <Property Name="Prdboe" Type="Edm.Decimal" Precision="13" Scale="3"/>
                <Property Name="prstatus" Type="Edm.String" MaxLength="1" sap:display-format="UpperCase" sap:label="PR Status" sap:quickinfo="Production Report Status"/>
                <Property Name="Delivery" Type="Edm.String" MaxLength="10" sap:display-format="UpperCase" sap:label="SD Document" sap:quickinfo="Sales and Distribution Document Number"/>
                <Property Name="GenerateEnable" Type="Edm.Boolean" sap:display-format="UpperCase" sap:label="TRUE" sap:quickinfo="Data element for domain BOOLE: TRUE (='X') and FALSE (=' ')" sap:sortable="false" sap:filterable="false"/>
                <Property Name="ReviseEnable" Type="Edm.Boolean" sap:display-format="UpperCase" sap:label="TRUE" sap:quickinfo="Data element for domain BOOLE: TRUE (='X') and FALSE (=' ')" sap:sortable="false" sap:filterable="false"/>
                <Property Name="PrintEnable" Type="Edm.Boolean" sap:display-format="UpperCase" sap:label="TRUE" sap:quickinfo="Data element for domain BOOLE: TRUE (='X') and FALSE (=' ')" sap:sortable="false" sap:filterable="false"/>
                <Property Name="SalesEnable" Type="Edm.Boolean" sap:display-format="UpperCase" sap:label="TRUE" sap:quickinfo="Data element for domain BOOLE: TRUE (='X') and FALSE (=' ')" sap:sortable="false" sap:filterable="false"/>
                <Property Name="UploadEnable" Type="Edm.Boolean" sap:display-format="UpperCase" sap:label="TRUE" sap:quickinfo="Data element for domain BOOLE: TRUE (='X') and FALSE (=' ')" sap:sortable="false" sap:filterable="false"/>
                <Property Name="DownloadEnable" Type="Edm.Boolean" sap:display-format="UpperCase" sap:label="TRUE" sap:quickinfo="Data element for domain BOOLE: TRUE (='X') and FALSE (=' ')" sap:sortable="false" sap:filterable="false"/>
                <NavigationProperty Name="to_apr_stat" Relationship="cds_zsd_log_gasprodrep_monthly.assoc_6F6D24F3AD548DBB987599C1024B5243" FromRole="FromRole_assoc_6F6D24F3AD548DBB987599C1024B5243" ToRole="ToRole_assoc_6F6D24F3AD548DBB987599C1024B5243"/>
                <NavigationProperty Name="to_daily" Relationship="cds_zsd_log_gasprodrep_monthly.assoc_3D52DC451C4D6D9E24DCD17D5B14C011" FromRole="FromRole_assoc_3D52DC451C4D6D9E24DCD17D5B14C011" ToRole="ToRole_assoc_3D52DC451C4D6D9E24DCD17D5B14C011"/>
                <NavigationProperty Name="to_status" Relationship="cds_zsd_log_gasprodrep_monthly.assoc_8320ACA121A504E8946D541CD1CA9E24" FromRole="FromRole_assoc_8320ACA121A504E8946D541CD1CA9E24" ToRole="ToRole_assoc_8320ACA121A504E8946D541CD1CA9E24"/>
            </EntityType>
            <EntityType Name="SAP__Currency" sap:content-version="1">
                <Key>
                    <PropertyRef Name="CurrencyCode"/>
                </Key>
                <Property Name="CurrencyCode" Type="Edm.String" Nullable="false" MaxLength="5" sap:label="Currency" sap:semantics="currency-code"/>
                <Property Name="ISOCode" Type="Edm.String" Nullable="false" MaxLength="3" sap:label="ISO code"/>
                <Property Name="Text" Type="Edm.String" Nullable="false" MaxLength="15" sap:label="Short text"/>
                <Property Name="DecimalPlaces" Type="Edm.Byte" Nullable="false" sap:label="Decimals"/>
            </EntityType>
            <EntityType Name="SAP__UnitOfMeasure" sap:content-version="1">
                <Key>
                    <PropertyRef Name="UnitCode"/>
                </Key>
                <Property Name="UnitCode" Type="Edm.String" Nullable="false" MaxLength="3" sap:label="Internal UoM" sap:semantics="unit-of-measure"/>
                <Property Name="ISOCode" Type="Edm.String" Nullable="false" MaxLength="3" sap:label="ISO Code"/>
                <Property Name="ExternalCode" Type="Edm.String" Nullable="false" MaxLength="3" sap:label="Commercial"/>
                <Property Name="Text" Type="Edm.String" Nullable="false" MaxLength="30" sap:label="Measurement Unit Txt"/>
                <Property Name="DecimalPlaces" Type="Edm.Int16" sap:label="Decimal Places"/>
            </EntityType>
            <EntityType Name="SAP__DocumentDescription" sap:content-version="1">
                <Key>
                    <PropertyRef Name="Id"/>
                </Key>
                <Property Name="Id" Type="Edm.Guid" Nullable="false" sap:label="UUID"/>
                <Property Name="CreatedBy" Type="Edm.String" Nullable="false" MaxLength="12"/>
                <Property Name="CreatedAt" Type="Edm.DateTime" Nullable="false" Precision="0" sap:label="Time Stamp"/>
                <Property Name="FileName" Type="Edm.String" Nullable="false" MaxLength="256"/>
                <Property Name="Title" Type="Edm.String" Nullable="false" MaxLength="256"/>
                <NavigationProperty Name="Format" Relationship="cds_zsd_log_gasprodrep_monthly.to_format" FromRole="FromRole_to_format" ToRole="ToRole_to_format"/>
                <NavigationProperty Name="TableColumns" Relationship="cds_zsd_log_gasprodrep_monthly.to_tablecolumns" FromRole="FromRole_to_tablecolumns" ToRole="ToRole_to_tablecolumns"/>
                <NavigationProperty Name="CoverPage" Relationship="cds_zsd_log_gasprodrep_monthly.to_coverpage" FromRole="FromRole_to_coverpage" ToRole="ToRole_to_coverpage"/>
                <NavigationProperty Name="Signature" Relationship="cds_zsd_log_gasprodrep_monthly.to_signature" FromRole="FromRole_to_signature" ToRole="ToRole_to_signature"/>
                <NavigationProperty Name="PDFStandard" Relationship="cds_zsd_log_gasprodrep_monthly.to_pdfstandard" FromRole="FromRole_to_pdfstandard" ToRole="ToRole_to_pdfstandard"/>
            </EntityType>
            <EntityType Name="SAP__Format" sap:content-version="1">
                <Key>
                    <PropertyRef Name="Id"/>
                </Key>
                <Property Name="FitToPage" Type="cds_zsd_log_gasprodrep_monthly.SAP__FitToPage" Nullable="false"/>
                <Property Name="Id" Type="Edm.Guid" Nullable="false" sap:label="UUID" sap:creatable="false" sap:updatable="false" sap:sortable="false" sap:filterable="false"/>
                <Property Name="FontSize" Type="Edm.Int32" Nullable="false" sap:creatable="false" sap:updatable="false" sap:sortable="false" sap:filterable="false"/>
                <Property Name="Orientation" Type="Edm.String" Nullable="false" MaxLength="10" sap:creatable="false" sap:updatable="false" sap:sortable="false" sap:filterable="false"/>
                <Property Name="PaperSize" Type="Edm.String" Nullable="false" MaxLength="10" sap:creatable="false" sap:updatable="false" sap:sortable="false" sap:filterable="false"/>
                <Property Name="BorderSize" Type="Edm.Int32" Nullable="false" sap:creatable="false" sap:updatable="false" sap:sortable="false" sap:filterable="false"/>
                <Property Name="MarginSize" Type="Edm.Int32" Nullable="false" sap:creatable="false" sap:updatable="false" sap:sortable="false" sap:filterable="false"/>
                <Property Name="FontName" Type="Edm.String" Nullable="false" MaxLength="255" sap:label="Font Name" sap:creatable="false" sap:updatable="false" sap:sortable="false" sap:filterable="false"/>
            </EntityType>
            <EntityType Name="SAP__PDFStandard" sap:content-version="1">
                <Key>
                    <PropertyRef Name="Id"/>
                </Key>
                <Property Name="Id" Type="Edm.Guid" Nullable="false" sap:label="UUID" sap:creatable="false" sap:updatable="false" sap:sortable="false" sap:filterable="false"/>
                <Property Name="UsePDFAConformance" Type="Edm.Boolean" Nullable="false" sap:creatable="false" sap:updatable="false" sap:sortable="false" sap:filterable="false"/>
                <Property Name="DoEnableAccessibility" Type="Edm.Boolean" Nullable="false" sap:label="Indicator" sap:creatable="false" sap:updatable="false" sap:sortable="false" sap:filterable="false"/>
            </EntityType>
            <EntityType Name="SAP__TableColumns" sap:content-version="1">
                <Key>
                    <PropertyRef Name="Id"/>
                    <PropertyRef Name="Name"/>
                    <PropertyRef Name="Header"/>
                </Key>
                <Property Name="Id" Type="Edm.Guid" Nullable="false" sap:label="UUID" sap:creatable="false" sap:updatable="false" sap:sortable="false" sap:filterable="false"/>
                <Property Name="Name" Type="Edm.String" Nullable="false" MaxLength="256" sap:creatable="false" sap:updatable="false" sap:sortable="false" sap:filterable="false"/>
                <Property Name="Header" Type="Edm.String" Nullable="false" MaxLength="256" sap:creatable="false" sap:updatable="false" sap:sortable="false" sap:filterable="false"/>
                <Property Name="HorizontalAlignment" Type="Edm.String" Nullable="false" MaxLength="10" sap:creatable="false" sap:updatable="false" sap:sortable="false" sap:filterable="false"/>
            </EntityType>
            <EntityType Name="SAP__CoverPage" sap:content-version="1">
                <Key>
                    <PropertyRef Name="Title"/>
                    <PropertyRef Name="Id"/>
                    <PropertyRef Name="Name"/>
                </Key>
                <Property Name="Title" Type="Edm.String" Nullable="false" MaxLength="256" sap:creatable="false" sap:updatable="false" sap:sortable="false" sap:filterable="false"/>
                <Property Name="Id" Type="Edm.Guid" Nullable="false" sap:label="UUID" sap:creatable="false" sap:updatable="false" sap:sortable="false" sap:filterable="false"/>
                <Property Name="Name" Type="Edm.String" Nullable="false" MaxLength="256" sap:creatable="false" sap:updatable="false" sap:sortable="false" sap:filterable="false"/>
                <Property Name="Value" Type="Edm.String" Nullable="false" MaxLength="256" sap:creatable="false" sap:updatable="false" sap:sortable="false" sap:filterable="false"/>
            </EntityType>
            <EntityType Name="SAP__Signature" sap:content-version="1">
                <Key>
                    <PropertyRef Name="Id"/>
                </Key>
                <Property Name="Id" Type="Edm.Guid" Nullable="false" sap:label="UUID" sap:creatable="false" sap:updatable="false" sap:sortable="false" sap:filterable="false"/>
                <Property Name="DoSign" Type="Edm.Boolean" Nullable="false" sap:label="Indicator" sap:creatable="false" sap:updatable="false" sap:sortable="false" sap:filterable="false"/>
                <Property Name="Reason" Type="Edm.String" Nullable="false" MaxLength="256" sap:creatable="false" sap:updatable="false" sap:sortable="false" sap:filterable="false"/>
            </EntityType>
            <EntityType Name="SAP__ValueHelp" sap:content-version="1">
                <Key>
                    <PropertyRef Name="VALUEHELP"/>
                </Key>
                <Property Name="VALUEHELP" Type="Edm.String" Nullable="false"/>
                <Property Name="FIELD_VALUE" Type="Edm.String" Nullable="false" MaxLength="10"/>
                <Property Name="DESCRIPTION" Type="Edm.String"/>
            </EntityType>
            <ComplexType Name="SAP__FitToPage">
                <Property Name="ErrorRecoveryBehavior" Type="Edm.String" Nullable="false" MaxLength="8" sap:label="Error behavior" sap:creatable="false" sap:updatable="false" sap:sortable="false" sap:filterable="false"/>
                <Property Name="IsEnabled" Type="Edm.Boolean" Nullable="false" sap:creatable="false" sap:updatable="false" sap:sortable="false" sap:filterable="false"/>
                <Property Name="MinimumFontSize" Type="Edm.Int32" Nullable="false" sap:creatable="false" sap:updatable="false" sap:sortable="false" sap:filterable="false"/>
            </ComplexType>
            <Association Name="assoc_437A30468DF834D143529F2EBD07F03A" sap:content-version="1">
                <End Type="cds_zsd_log_gasprodrep_monthly.ReviseParameters" Multiplicity="1" Role="FromRole_assoc_437A30468DF834D143529F2EBD07F03A"/>
                <End Type="cds_zsd_log_gasprodrep_monthly.ReviseType" Multiplicity="*" Role="ToRole_assoc_437A30468DF834D143529F2EBD07F03A"/>
            </Association>
            <Association Name="assoc_54E66F7B4034358F6800870C29E609D6" sap:content-version="1">
                <End Type="cds_zsd_log_gasprodrep_monthly.CreateSalesParameters" Multiplicity="1" Role="FromRole_assoc_54E66F7B4034358F6800870C29E609D6"/>
                <End Type="cds_zsd_log_gasprodrep_monthly.CreateSalesType" Multiplicity="*" Role="ToRole_assoc_54E66F7B4034358F6800870C29E609D6"/>
            </Association>
            <Association Name="to_format" sap:content-version="1">
                <End Type="cds_zsd_log_gasprodrep_monthly.SAP__DocumentDescription" Multiplicity="1" Role="FromRole_to_format"/>
                <End Type="cds_zsd_log_gasprodrep_monthly.SAP__Format" Multiplicity="1" Role="ToRole_to_format"/>
                <ReferentialConstraint>
                    <Principal Role="FromRole_to_format">
                        <PropertyRef Name="Id"/>
                    </Principal>
                    <Dependent Role="ToRole_to_format">
                        <PropertyRef Name="Id"/>
                    </Dependent>
                </ReferentialConstraint>
            </Association>
            <Association Name="to_tablecolumns" sap:content-version="1">
                <End Type="cds_zsd_log_gasprodrep_monthly.SAP__DocumentDescription" Multiplicity="1" Role="FromRole_to_tablecolumns"/>
                <End Type="cds_zsd_log_gasprodrep_monthly.SAP__TableColumns" Multiplicity="*" Role="ToRole_to_tablecolumns"/>
                <ReferentialConstraint>
                    <Principal Role="FromRole_to_tablecolumns">
                        <PropertyRef Name="Id"/>
                    </Principal>
                    <Dependent Role="ToRole_to_tablecolumns">
                        <PropertyRef Name="Id"/>
                    </Dependent>
                </ReferentialConstraint>
            </Association>
            <Association Name="to_coverpage" sap:content-version="1">
                <End Type="cds_zsd_log_gasprodrep_monthly.SAP__DocumentDescription" Multiplicity="1" Role="FromRole_to_coverpage"/>
                <End Type="cds_zsd_log_gasprodrep_monthly.SAP__CoverPage" Multiplicity="*" Role="ToRole_to_coverpage"/>
                <ReferentialConstraint>
                    <Principal Role="FromRole_to_coverpage">
                        <PropertyRef Name="Id"/>
                    </Principal>
                    <Dependent Role="ToRole_to_coverpage">
                        <PropertyRef Name="Id"/>
                    </Dependent>
                </ReferentialConstraint>
            </Association>
            <Association Name="to_signature" sap:content-version="1">
                <End Type="cds_zsd_log_gasprodrep_monthly.SAP__DocumentDescription" Multiplicity="1" Role="FromRole_to_signature"/>
                <End Type="cds_zsd_log_gasprodrep_monthly.SAP__Signature" Multiplicity="1" Role="ToRole_to_signature"/>
                <ReferentialConstraint>
                    <Principal Role="FromRole_to_signature">
                        <PropertyRef Name="Id"/>
                    </Principal>
                    <Dependent Role="ToRole_to_signature">
                        <PropertyRef Name="Id"/>
                    </Dependent>
                </ReferentialConstraint>
            </Association>
            <Association Name="to_pdfstandard" sap:content-version="1">
                <End Type="cds_zsd_log_gasprodrep_monthly.SAP__DocumentDescription" Multiplicity="1" Role="FromRole_to_pdfstandard"/>
                <End Type="cds_zsd_log_gasprodrep_monthly.SAP__PDFStandard" Multiplicity="1" Role="ToRole_to_pdfstandard"/>
                <ReferentialConstraint>
                    <Principal Role="FromRole_to_pdfstandard">
                        <PropertyRef Name="Id"/>
                    </Principal>
                    <Dependent Role="ToRole_to_pdfstandard">
                        <PropertyRef Name="Id"/>
                    </Dependent>
                </ReferentialConstraint>
            </Association>
            <Association Name="assoc_6F6D24F3AD548DBB987599C1024B5243" sap:content-version="1">
                <End Type="cds_zsd_log_gasprodrep_monthly.MonthlyType" Multiplicity="1" Role="FromRole_assoc_6F6D24F3AD548DBB987599C1024B5243">
                    <OnDelete Action="Cascade"/>
                </End>
                <End Type="cds_zsd_log_gasprodrep_monthly.AprStatType" Multiplicity="0..1" Role="ToRole_assoc_6F6D24F3AD548DBB987599C1024B5243"/>
                <ReferentialConstraint>
                    <Principal Role="FromRole_assoc_6F6D24F3AD548DBB987599C1024B5243">
                        <PropertyRef Name="zyearmonth"/>
                        <PropertyRef Name="Vbeln"/>
                    </Principal>
                    <Dependent Role="ToRole_assoc_6F6D24F3AD548DBB987599C1024B5243">
                        <PropertyRef Name="ZyearMonth"/>
                        <PropertyRef Name="Vbeln"/>
                    </Dependent>
                </ReferentialConstraint>
            </Association>
            <Association Name="assoc_3D52DC451C4D6D9E24DCD17D5B14C011" sap:content-version="1">
                <End Type="cds_zsd_log_gasprodrep_monthly.MonthlyType" Multiplicity="1" Role="FromRole_assoc_3D52DC451C4D6D9E24DCD17D5B14C011">
                    <OnDelete Action="Cascade"/>
                </End>
                <End Type="cds_zsd_log_gasprodrep_monthly.DailyType" Multiplicity="*" Role="ToRole_assoc_3D52DC451C4D6D9E24DCD17D5B14C011"/>
                <ReferentialConstraint>
                    <Principal Role="FromRole_assoc_3D52DC451C4D6D9E24DCD17D5B14C011">
                        <PropertyRef Name="zyearmonth"/>
                        <PropertyRef Name="Vbeln"/>
                    </Principal>
                    <Dependent Role="ToRole_assoc_3D52DC451C4D6D9E24DCD17D5B14C011">
                        <PropertyRef Name="zyearmonth"/>
                        <PropertyRef Name="Vbeln"/>
                    </Dependent>
                </ReferentialConstraint>
            </Association>
            <Association Name="assoc_8320ACA121A504E8946D541CD1CA9E24" sap:content-version="1">
                <End Type="cds_zsd_log_gasprodrep_monthly.MonthlyType" Multiplicity="1" Role="FromRole_assoc_8320ACA121A504E8946D541CD1CA9E24">
                    <OnDelete Action="Cascade"/>
                </End>
                <End Type="cds_zsd_log_gasprodrep_monthly.StatusType" Multiplicity="*" Role="ToRole_assoc_8320ACA121A504E8946D541CD1CA9E24"/>
                <ReferentialConstraint>
                    <Principal Role="FromRole_assoc_8320ACA121A504E8946D541CD1CA9E24">
                        <PropertyRef Name="zyearmonth"/>
                        <PropertyRef Name="Vbeln"/>
                    </Principal>
                    <Dependent Role="ToRole_assoc_8320ACA121A504E8946D541CD1CA9E24">
                        <PropertyRef Name="Zyearmonth"/>
                        <PropertyRef Name="Vbeln"/>
                    </Dependent>
                </ReferentialConstraint>
            </Association>
            <Association Name="assoc_648B67DB387B53B739D2FB4C2BC06007" sap:content-version="1">
                <End Type="cds_zsd_log_gasprodrep_monthly.GenerateParameters" Multiplicity="1" Role="FromRole_assoc_648B67DB387B53B739D2FB4C2BC06007"/>
                <End Type="cds_zsd_log_gasprodrep_monthly.GenerateType" Multiplicity="*" Role="ToRole_assoc_648B67DB387B53B739D2FB4C2BC06007"/>
            </Association>
            <Association Name="assoc_C164EA537F0DE9B540E35D44717C5F19" sap:content-version="1">
                <End Type="cds_zsd_log_gasprodrep_monthly.PrintParameters" Multiplicity="1" Role="FromRole_assoc_C164EA537F0DE9B540E35D44717C5F19"/>
                <End Type="cds_zsd_log_gasprodrep_monthly.PrintType" Multiplicity="*" Role="ToRole_assoc_C164EA537F0DE9B540E35D44717C5F19"/>
            </Association>
            <EntityContainer Name="cds_zsd_log_gasprodrep_monthly_Entities" m:IsDefaultEntityContainer="true" sap:message-scope-supported="true" sap:supported-formats="atom json xlsx pdf">
                <EntitySet Name="SAP__Currencies" EntityType="cds_zsd_log_gasprodrep_monthly.SAP__Currency" sap:content-version="1"/>
                <EntitySet Name="SAP__UnitsOfMeasure" EntityType="cds_zsd_log_gasprodrep_monthly.SAP__UnitOfMeasure" sap:content-version="1"/>
                <EntitySet Name="SAP__MyDocumentDescriptions" EntityType="cds_zsd_log_gasprodrep_monthly.SAP__DocumentDescription" sap:content-version="1"/>
                <EntitySet Name="SAP__FormatSet" EntityType="cds_zsd_log_gasprodrep_monthly.SAP__Format" sap:creatable="false" sap:updatable="false" sap:deletable="false" sap:pageable="false" sap:addressable="false" sap:content-version="1"/>
                <EntitySet Name="SAP__PDFStandardSet" EntityType="cds_zsd_log_gasprodrep_monthly.SAP__PDFStandard" sap:creatable="false" sap:updatable="false" sap:deletable="false" sap:pageable="false" sap:addressable="false" sap:content-version="1"/>
                <EntitySet Name="SAP__TableColumnsSet" EntityType="cds_zsd_log_gasprodrep_monthly.SAP__TableColumns" sap:creatable="false" sap:updatable="false" sap:deletable="false" sap:pageable="false" sap:addressable="false" sap:content-version="1"/>
                <EntitySet Name="SAP__CoverPageSet" EntityType="cds_zsd_log_gasprodrep_monthly.SAP__CoverPage" sap:creatable="false" sap:updatable="false" sap:deletable="false" sap:pageable="false" sap:addressable="false" sap:content-version="1"/>
                <EntitySet Name="SAP__SignatureSet" EntityType="cds_zsd_log_gasprodrep_monthly.SAP__Signature" sap:creatable="false" sap:updatable="false" sap:deletable="false" sap:pageable="false" sap:addressable="false" sap:content-version="1"/>
                <EntitySet Name="SAP__ValueHelpSet" EntityType="cds_zsd_log_gasprodrep_monthly.SAP__ValueHelp" sap:content-version="1"/>
                <EntitySet Name="CreateSalesSet" EntityType="cds_zsd_log_gasprodrep_monthly.CreateSalesType" sap:creatable="false" sap:updatable="false" sap:deletable="false" sap:addressable="false" sap:content-version="1"/>
                <EntitySet Name="CreateSales" EntityType="cds_zsd_log_gasprodrep_monthly.CreateSalesParameters" sap:creatable="false" sap:updatable="false" sap:deletable="false" sap:pageable="false" sap:content-version="1"/>
                <EntitySet Name="GenerateSet" EntityType="cds_zsd_log_gasprodrep_monthly.GenerateType" sap:creatable="false" sap:updatable="false" sap:deletable="false" sap:addressable="false" sap:content-version="1"/>
                <EntitySet Name="Generate" EntityType="cds_zsd_log_gasprodrep_monthly.GenerateParameters" sap:creatable="false" sap:updatable="false" sap:deletable="false" sap:pageable="false" sap:content-version="1"/>
                <EntitySet Name="PrintSet" EntityType="cds_zsd_log_gasprodrep_monthly.PrintType" sap:creatable="false" sap:updatable="false" sap:deletable="false" sap:addressable="false" sap:content-version="1"/>
                <EntitySet Name="Print" EntityType="cds_zsd_log_gasprodrep_monthly.PrintParameters" sap:creatable="false" sap:updatable="false" sap:deletable="false" sap:pageable="false" sap:content-version="1"/>
                <EntitySet Name="ReviseSet" EntityType="cds_zsd_log_gasprodrep_monthly.ReviseType" sap:creatable="false" sap:updatable="false" sap:deletable="false" sap:addressable="false" sap:content-version="1"/>
                <EntitySet Name="Revise" EntityType="cds_zsd_log_gasprodrep_monthly.ReviseParameters" sap:creatable="false" sap:updatable="false" sap:deletable="false" sap:pageable="false" sap:content-version="1"/>
                <EntitySet Name="Status" EntityType="cds_zsd_log_gasprodrep_monthly.StatusType" sap:creatable="false" sap:updatable="false" sap:deletable="false" sap:content-version="1"/>
                <EntitySet Name="AprStat" EntityType="cds_zsd_log_gasprodrep_monthly.AprStatType" sap:creatable="false" sap:updatable="false" sap:deletable="false" sap:content-version="1"/>
                <EntitySet Name="Daily" EntityType="cds_zsd_log_gasprodrep_monthly.DailyType" sap:creatable="false" sap:updatable="false" sap:deletable="false" sap:content-version="1"/>
                <EntitySet Name="Monthly" EntityType="cds_zsd_log_gasprodrep_monthly.MonthlyType" sap:creatable="false" sap:updatable="false" sap:deletable="false" sap:searchable="true" sap:content-version="1"/>
                <AssociationSet Name="assoc_54E66F7B4034358F6800870C29E609D6" Association="cds_zsd_log_gasprodrep_monthly.assoc_54E66F7B4034358F6800870C29E609D6" sap:creatable="false" sap:updatable="false" sap:deletable="false" sap:content-version="1">
                    <End EntitySet="CreateSales" Role="FromRole_assoc_54E66F7B4034358F6800870C29E609D6"/>
                    <End EntitySet="CreateSalesSet" Role="ToRole_assoc_54E66F7B4034358F6800870C29E609D6"/>
                </AssociationSet>
                <AssociationSet Name="assoc_C164EA537F0DE9B540E35D44717C5F19" Association="cds_zsd_log_gasprodrep_monthly.assoc_C164EA537F0DE9B540E35D44717C5F19" sap:creatable="false" sap:updatable="false" sap:deletable="false" sap:content-version="1">
                    <End EntitySet="Print" Role="FromRole_assoc_C164EA537F0DE9B540E35D44717C5F19"/>
                    <End EntitySet="PrintSet" Role="ToRole_assoc_C164EA537F0DE9B540E35D44717C5F19"/>
                </AssociationSet>
                <AssociationSet Name="assoc_6F6D24F3AD548DBB987599C1024B5243" Association="cds_zsd_log_gasprodrep_monthly.assoc_6F6D24F3AD548DBB987599C1024B5243" sap:creatable="false" sap:updatable="false" sap:deletable="false" sap:content-version="1">
                    <End EntitySet="Monthly" Role="FromRole_assoc_6F6D24F3AD548DBB987599C1024B5243"/>
                    <End EntitySet="AprStat" Role="ToRole_assoc_6F6D24F3AD548DBB987599C1024B5243"/>
                </AssociationSet>
                <AssociationSet Name="to_formatSet" Association="cds_zsd_log_gasprodrep_monthly.to_format" sap:creatable="false" sap:updatable="false" sap:deletable="false" sap:content-version="1">
                    <End EntitySet="SAP__MyDocumentDescriptions" Role="FromRole_to_format"/>
                    <End EntitySet="SAP__FormatSet" Role="ToRole_to_format"/>
                </AssociationSet>
                <AssociationSet Name="to_pdfstandardSet" Association="cds_zsd_log_gasprodrep_monthly.to_pdfstandard" sap:creatable="false" sap:updatable="false" sap:deletable="false" sap:content-version="1">
                    <End EntitySet="SAP__MyDocumentDescriptions" Role="FromRole_to_pdfstandard"/>
                    <End EntitySet="SAP__PDFStandardSet" Role="ToRole_to_pdfstandard"/>
                </AssociationSet>
                <AssociationSet Name="assoc_437A30468DF834D143529F2EBD07F03A" Association="cds_zsd_log_gasprodrep_monthly.assoc_437A30468DF834D143529F2EBD07F03A" sap:creatable="false" sap:updatable="false" sap:deletable="false" sap:content-version="1">
                    <End EntitySet="Revise" Role="FromRole_assoc_437A30468DF834D143529F2EBD07F03A"/>
                    <End EntitySet="ReviseSet" Role="ToRole_assoc_437A30468DF834D143529F2EBD07F03A"/>
                </AssociationSet>
                <AssociationSet Name="to_tablecolumnsSet" Association="cds_zsd_log_gasprodrep_monthly.to_tablecolumns" sap:creatable="false" sap:updatable="false" sap:deletable="false" sap:content-version="1">
                    <End EntitySet="SAP__MyDocumentDescriptions" Role="FromRole_to_tablecolumns"/>
                    <End EntitySet="SAP__TableColumnsSet" Role="ToRole_to_tablecolumns"/>
                </AssociationSet>
                <AssociationSet Name="assoc_8320ACA121A504E8946D541CD1CA9E24" Association="cds_zsd_log_gasprodrep_monthly.assoc_8320ACA121A504E8946D541CD1CA9E24" sap:creatable="false" sap:updatable="false" sap:deletable="false" sap:content-version="1">
                    <End EntitySet="Monthly" Role="FromRole_assoc_8320ACA121A504E8946D541CD1CA9E24"/>
                    <End EntitySet="Status" Role="ToRole_assoc_8320ACA121A504E8946D541CD1CA9E24"/>
                </AssociationSet>
                <AssociationSet Name="to_signatureSet" Association="cds_zsd_log_gasprodrep_monthly.to_signature" sap:creatable="false" sap:updatable="false" sap:deletable="false" sap:content-version="1">
                    <End EntitySet="SAP__MyDocumentDescriptions" Role="FromRole_to_signature"/>
                    <End EntitySet="SAP__SignatureSet" Role="ToRole_to_signature"/>
                </AssociationSet>
                <AssociationSet Name="assoc_648B67DB387B53B739D2FB4C2BC06007" Association="cds_zsd_log_gasprodrep_monthly.assoc_648B67DB387B53B739D2FB4C2BC06007" sap:creatable="false" sap:updatable="false" sap:deletable="false" sap:content-version="1">
                    <End EntitySet="Generate" Role="FromRole_assoc_648B67DB387B53B739D2FB4C2BC06007"/>
                    <End EntitySet="GenerateSet" Role="ToRole_assoc_648B67DB387B53B739D2FB4C2BC06007"/>
                </AssociationSet>
                <AssociationSet Name="to_coverpageSet" Association="cds_zsd_log_gasprodrep_monthly.to_coverpage" sap:creatable="false" sap:updatable="false" sap:deletable="false" sap:content-version="1">
                    <End EntitySet="SAP__MyDocumentDescriptions" Role="FromRole_to_coverpage"/>
                    <End EntitySet="SAP__CoverPageSet" Role="ToRole_to_coverpage"/>
                </AssociationSet>
                <AssociationSet Name="assoc_3D52DC451C4D6D9E24DCD17D5B14C011" Association="cds_zsd_log_gasprodrep_monthly.assoc_3D52DC451C4D6D9E24DCD17D5B14C011" sap:creatable="false" sap:updatable="false" sap:deletable="false" sap:content-version="1">
                    <End EntitySet="Monthly" Role="FromRole_assoc_3D52DC451C4D6D9E24DCD17D5B14C011"/>
                    <End EntitySet="Daily" Role="ToRole_assoc_3D52DC451C4D6D9E24DCD17D5B14C011"/>
                </AssociationSet>
            </EntityContainer>
            <Annotations Target="cds_zsd_log_gasprodrep_monthly.cds_zsd_log_gasprodrep_monthly_Entities" xmlns="http://docs.oasis-open.org/odata/ns/edm">
                <Annotation Term="Common.ApplyMultiUnitBehaviorForSortingAndFiltering" Bool="true"/>
            </Annotations>
            <Annotations Target="cds_zsd_log_gasprodrep_monthly.MonthlyType/to_apr_stat" xmlns="http://docs.oasis-open.org/odata/ns/edm">
                <Annotation Term="Common.Composition"/>
            </Annotations>
            <Annotations Target="cds_zsd_log_gasprodrep_monthly.MonthlyType/to_daily" xmlns="http://docs.oasis-open.org/odata/ns/edm">
                <Annotation Term="Common.Composition"/>
            </Annotations>
            <Annotations Target="cds_zsd_log_gasprodrep_monthly.MonthlyType/to_status" xmlns="http://docs.oasis-open.org/odata/ns/edm">
                <Annotation Term="Common.Composition"/>
            </Annotations>
            <Annotations Target="cds_zsd_log_gasprodrep_monthly.cds_zsd_log_gasprodrep_monthly_Entities/CreateSales" xmlns="http://docs.oasis-open.org/odata/ns/edm">
                <Annotation Term="Capabilities.FilterRestrictions">
                    <Record>
                        <PropertyValue Property="NonFilterableProperties">
                            <Collection>
                                <PropertyPath>p_contract</PropertyPath>
                                <PropertyPath>p_yearmonth</PropertyPath>
                            </Collection>
                        </PropertyValue>
                    </Record>
                </Annotation>
                <Annotation Term="Capabilities.NavigationRestrictions">
                    <Record>
                        <PropertyValue Property="RestrictedProperties">
                            <Collection>
                                <Record>
                                    <PropertyValue Property="NavigationProperty" NavigationPropertyPath="Parameters"/>
                                    <PropertyValue Property="FilterRestrictions">
                                        <Record>
                                            <PropertyValue Property="Filterable" Bool="false"/>
                                        </Record>
                                    </PropertyValue>
                                </Record>
                            </Collection>
                        </PropertyValue>
                    </Record>
                </Annotation>
                <Annotation Term="Capabilities.SortRestrictions">
                    <Record>
                        <PropertyValue Property="NonSortableProperties">
                            <Collection>
                                <PropertyPath>p_contract</PropertyPath>
                                <PropertyPath>p_yearmonth</PropertyPath>
                            </Collection>
                        </PropertyValue>
                    </Record>
                </Annotation>
            </Annotations>
            <Annotations Target="cds_zsd_log_gasprodrep_monthly.cds_zsd_log_gasprodrep_monthly_Entities/Generate" xmlns="http://docs.oasis-open.org/odata/ns/edm">
                <Annotation Term="Capabilities.FilterRestrictions">
                    <Record>
                        <PropertyValue Property="NonFilterableProperties">
                            <Collection>
                                <PropertyPath>p_contract</PropertyPath>
                                <PropertyPath>p_yearmonth</PropertyPath>
                            </Collection>
                        </PropertyValue>
                    </Record>
                </Annotation>
                <Annotation Term="Capabilities.NavigationRestrictions">
                    <Record>
                        <PropertyValue Property="RestrictedProperties">
                            <Collection>
                                <Record>
                                    <PropertyValue Property="NavigationProperty" NavigationPropertyPath="Parameters"/>
                                    <PropertyValue Property="FilterRestrictions">
                                        <Record>
                                            <PropertyValue Property="Filterable" Bool="false"/>
                                        </Record>
                                    </PropertyValue>
                                </Record>
                            </Collection>
                        </PropertyValue>
                    </Record>
                </Annotation>
                <Annotation Term="Capabilities.SortRestrictions">
                    <Record>
                        <PropertyValue Property="NonSortableProperties">
                            <Collection>
                                <PropertyPath>p_contract</PropertyPath>
                                <PropertyPath>p_yearmonth</PropertyPath>
                            </Collection>
                        </PropertyValue>
                    </Record>
                </Annotation>
            </Annotations>
            <Annotations Target="cds_zsd_log_gasprodrep_monthly.cds_zsd_log_gasprodrep_monthly_Entities/Monthly" xmlns="http://docs.oasis-open.org/odata/ns/edm">
                <Annotation Term="Capabilities.FilterRestrictions">
                    <Record>
                        <PropertyValue Property="NonFilterableProperties">
                            <Collection>
                                <PropertyPath>GenerateEnable</PropertyPath>
                                <PropertyPath>ReviseEnable</PropertyPath>
                                <PropertyPath>PrintEnable</PropertyPath>
                                <PropertyPath>SalesEnable</PropertyPath>
                                <PropertyPath>UploadEnable</PropertyPath>
                                <PropertyPath>DownloadEnable</PropertyPath>
                            </Collection>
                        </PropertyValue>
                    </Record>
                </Annotation>
                <Annotation Term="Capabilities.NavigationRestrictions">
                    <Record>
                        <PropertyValue Property="RestrictedProperties">
                            <Collection>
                                <Record>
                                    <PropertyValue Property="NavigationProperty" NavigationPropertyPath="to_apr_stat"/>
                                    <PropertyValue Property="InsertRestrictions">
                                        <Record>
                                            <PropertyValue Property="Insertable" Bool="false"/>
                                        </Record>
                                    </PropertyValue>
                                </Record>
                                <Record>
                                    <PropertyValue Property="NavigationProperty" NavigationPropertyPath="to_daily"/>
                                    <PropertyValue Property="InsertRestrictions">
                                        <Record>
                                            <PropertyValue Property="Insertable" Bool="false"/>
                                        </Record>
                                    </PropertyValue>
                                </Record>
                                <Record>
                                    <PropertyValue Property="NavigationProperty" NavigationPropertyPath="to_status"/>
                                    <PropertyValue Property="InsertRestrictions">
                                        <Record>
                                            <PropertyValue Property="Insertable" Bool="false"/>
                                        </Record>
                                    </PropertyValue>
                                </Record>
                            </Collection>
                        </PropertyValue>
                    </Record>
                </Annotation>
                <Annotation Term="Capabilities.SortRestrictions">
                    <Record>
                        <PropertyValue Property="NonSortableProperties">
                            <Collection>
                                <PropertyPath>GenerateEnable</PropertyPath>
                                <PropertyPath>ReviseEnable</PropertyPath>
                                <PropertyPath>PrintEnable</PropertyPath>
                                <PropertyPath>SalesEnable</PropertyPath>
                                <PropertyPath>UploadEnable</PropertyPath>
                                <PropertyPath>DownloadEnable</PropertyPath>
                            </Collection>
                        </PropertyValue>
                    </Record>
                </Annotation>
            </Annotations>
            <Annotations Target="cds_zsd_log_gasprodrep_monthly.cds_zsd_log_gasprodrep_monthly_Entities/Print" xmlns="http://docs.oasis-open.org/odata/ns/edm">
                <Annotation Term="Capabilities.FilterRestrictions">
                    <Record>
                        <PropertyValue Property="NonFilterableProperties">
                            <Collection>
                                <PropertyPath>p_contract</PropertyPath>
                                <PropertyPath>p_yearmonth</PropertyPath>
                            </Collection>
                        </PropertyValue>
                    </Record>
                </Annotation>
                <Annotation Term="Capabilities.NavigationRestrictions">
                    <Record>
                        <PropertyValue Property="RestrictedProperties">
                            <Collection>
                                <Record>
                                    <PropertyValue Property="NavigationProperty" NavigationPropertyPath="Parameters"/>
                                    <PropertyValue Property="FilterRestrictions">
                                        <Record>
                                            <PropertyValue Property="Filterable" Bool="false"/>
                                        </Record>
                                    </PropertyValue>
                                </Record>
                            </Collection>
                        </PropertyValue>
                    </Record>
                </Annotation>
                <Annotation Term="Capabilities.SortRestrictions">
                    <Record>
                        <PropertyValue Property="NonSortableProperties">
                            <Collection>
                                <PropertyPath>p_contract</PropertyPath>
                                <PropertyPath>p_yearmonth</PropertyPath>
                            </Collection>
                        </PropertyValue>
                    </Record>
                </Annotation>
            </Annotations>
            <Annotations Target="cds_zsd_log_gasprodrep_monthly.cds_zsd_log_gasprodrep_monthly_Entities/Revise" xmlns="http://docs.oasis-open.org/odata/ns/edm">
                <Annotation Term="Capabilities.FilterRestrictions">
                    <Record>
                        <PropertyValue Property="NonFilterableProperties">
                            <Collection>
                                <PropertyPath>p_contract</PropertyPath>
                                <PropertyPath>p_yearmonth</PropertyPath>
                            </Collection>
                        </PropertyValue>
                    </Record>
                </Annotation>
                <Annotation Term="Capabilities.NavigationRestrictions">
                    <Record>
                        <PropertyValue Property="RestrictedProperties">
                            <Collection>
                                <Record>
                                    <PropertyValue Property="NavigationProperty" NavigationPropertyPath="Parameters"/>
                                    <PropertyValue Property="FilterRestrictions">
                                        <Record>
                                            <PropertyValue Property="Filterable" Bool="false"/>
                                        </Record>
                                    </PropertyValue>
                                </Record>
                            </Collection>
                        </PropertyValue>
                    </Record>
                </Annotation>
                <Annotation Term="Capabilities.SortRestrictions">
                    <Record>
                        <PropertyValue Property="NonSortableProperties">
                            <Collection>
                                <PropertyPath>p_contract</PropertyPath>
                                <PropertyPath>p_yearmonth</PropertyPath>
                            </Collection>
                        </PropertyValue>
                    </Record>
                </Annotation>
            </Annotations>
            <Annotations Target="cds_zsd_log_gasprodrep_monthly.cds_zsd_log_gasprodrep_monthly_Entities/AprStat" xmlns="http://docs.oasis-open.org/odata/ns/edm">
                <Annotation Term="Capabilities.NavigationRestrictions">
                    <Record>
                        <PropertyValue Property="RestrictedProperties">
                            <Collection>
                                <Record>
                                    <PropertyValue Property="NavigationProperty" NavigationPropertyPath="to_month"/>
                                    <PropertyValue Property="InsertRestrictions">
                                        <Record>
                                            <PropertyValue Property="Insertable" Bool="false"/>
                                        </Record>
                                    </PropertyValue>
                                </Record>
                            </Collection>
                        </PropertyValue>
                    </Record>
                </Annotation>
            </Annotations>
            <Annotations Target="cds_zsd_log_gasprodrep_monthly.cds_zsd_log_gasprodrep_monthly_Entities/Daily" xmlns="http://docs.oasis-open.org/odata/ns/edm">
                <Annotation Term="Capabilities.NavigationRestrictions">
                    <Record>
                        <PropertyValue Property="RestrictedProperties">
                            <Collection>
                                <Record>
                                    <PropertyValue Property="NavigationProperty" NavigationPropertyPath="to_month"/>
                                    <PropertyValue Property="InsertRestrictions">
                                        <Record>
                                            <PropertyValue Property="Insertable" Bool="false"/>
                                        </Record>
                                    </PropertyValue>
                                </Record>
                            </Collection>
                        </PropertyValue>
                    </Record>
                </Annotation>
            </Annotations>
            <Annotations Target="cds_zsd_log_gasprodrep_monthly.cds_zsd_log_gasprodrep_monthly_Entities/Status" xmlns="http://docs.oasis-open.org/odata/ns/edm">
                <Annotation Term="Capabilities.NavigationRestrictions">
                    <Record>
                        <PropertyValue Property="RestrictedProperties">
                            <Collection>
                                <Record>
                                    <PropertyValue Property="NavigationProperty" NavigationPropertyPath="to_month"/>
                                    <PropertyValue Property="InsertRestrictions">
                                        <Record>
                                            <PropertyValue Property="Insertable" Bool="false"/>
                                        </Record>
                                    </PropertyValue>
                                </Record>
                            </Collection>
                        </PropertyValue>
                    </Record>
                </Annotation>
            </Annotations>
            <Annotations Target="cds_zsd_log_gasprodrep_monthly.cds_zsd_log_gasprodrep_monthly_Entities" xmlns="http://docs.oasis-open.org/odata/ns/edm">
                <Annotation Term="Org.OData.Capabilities.V1.BatchSupport">
                    <Record Type="Org.OData.Capabilities.V1.BatchSupportType">
                        <PropertyValue Property="ReferencesAcrossChangeSetsSupported" Bool="true"/>
                    </Record>
                </Annotation>
                <Annotation Term="SAP__CodeList.CurrencyCodes">
                    <Record>
                        <PropertyValue Property="Url" String="./$metadata"/>
                        <PropertyValue Property="CollectionPath" String="SAP__Currencies"/>
                    </Record>
                </Annotation>
                <Annotation Term="SAP__CodeList.UnitsOfMeasure">
                    <Record>
                        <PropertyValue Property="Url" String="./$metadata"/>
                        <PropertyValue Property="CollectionPath" String="SAP__UnitsOfMeasure"/>
                    </Record>
                </Annotation>
                <Annotation Term="SAP__PDF.Features">
                    <Record>
                        <PropertyValue Property="DocumentDescriptionReference" String="./$metadata"/>
                        <PropertyValue Property="DocumentDescriptionCollection" String="SAP__MyDocumentDescriptions"/>
                        <PropertyValue Property="ArchiveFormat" Bool="true"/>
                        <PropertyValue Property="CoverPage" Bool="true"/>
                        <PropertyValue Property="Signature" Bool="true"/>
                        <PropertyValue Property="FitToPage" Bool="true"/>
                        <PropertyValue Property="FontName" Bool="true"/>
                        <PropertyValue Property="FontSize" Bool="true"/>
                        <PropertyValue Property="Margin" Bool="true"/>
                        <PropertyValue Property="Border" Bool="true"/>
                        <PropertyValue Property="ResultSizeDefault" Int="20000"/>
                        <PropertyValue Property="ResultSizeMaximum" Int="20000"/>
                    </Record>
                </Annotation>
                <Annotation Term="SAP__CodeList.SAP__DocumentDescription">
                    <Record>
                        <PropertyValue Property="Url" String="./$metadata"/>
                        <PropertyValue Property="CollectionPath" String="SAP__MyDocumentDescriptions"/>
                    </Record>
                </Annotation>
            </Annotations>
            <Annotations Target="cds_zsd_log_gasprodrep_monthly.SAP__Currency/CurrencyCode" xmlns="http://docs.oasis-open.org/odata/ns/edm">
                <Annotation Term="SAP__common.Text" Path="Text"/>
                <Annotation Term="SAP__common.UnitSpecificScale" Path="DecimalPlaces"/>
                <Annotation Term="SAP__CodeList.StandardCode" Path="ISOCode"/>
            </Annotations>
            <Annotations Target="cds_zsd_log_gasprodrep_monthly.SAP__UnitOfMeasure/UnitCode" xmlns="http://docs.oasis-open.org/odata/ns/edm">
                <Annotation Term="SAP__common.Text" Path="Text"/>
                <Annotation Term="SAP__common.UnitSpecificScale" Path="DecimalPlaces"/>
                <Annotation Term="SAP__CodeList.StandardCode" Path="ISOCode"/>
                <Annotation Term="SAP__CodeList.ExternalCode" Path="ExternalCode"/>
            </Annotations>
            <Annotations Target="cds_zsd_log_gasprodrep_monthly.SAP__UnitOfMeasure" xmlns="http://docs.oasis-open.org/odata/ns/edm">
                <Annotation Term="SAP__core.AlternateKeys">
                    <Collection>
                        <Record>
                            <PropertyValue Property="Key">
                                <Collection>
                                    <Record>
                                        <PropertyValue Property="Name" Path="ExternalCode"/>
                                        <PropertyValue Property="Alias" String="ExternalCode"/>
                                    </Record>
                                </Collection>
                            </PropertyValue>
                        </Record>
                    </Collection>
                </Annotation>
            </Annotations>
            <Annotations Target="cds_zsd_log_gasprodrep_monthly.SAP__DocumentDescription/CreatedBy" xmlns="http://docs.oasis-open.org/odata/ns/edm">
                <Annotation Term="SAP__core.Computed"/>
            </Annotations>
            <Annotations Target="cds_zsd_log_gasprodrep_monthly.SAP__DocumentDescription/CreatedAt" xmlns="http://docs.oasis-open.org/odata/ns/edm">
                <Annotation Term="SAP__core.Computed"/>
            </Annotations>
            <Annotations Target="cds_zsd_log_gasprodrep_monthly.SAP__DocumentDescription" xmlns="http://docs.oasis-open.org/odata/ns/edm">
                <Annotation Term="SAP__capabilties.InsertRestrictions">
                    <Record>
                        <PropertyValue Property="Insertable" Bool="false"/>
                    </Record>
                </Annotation>
                <Annotation Term="SAP__capabilties.UpdateRestrictions">
                    <Record>
                        <PropertyValue Property="Updatable" Bool="false"/>
                        <PropertyValue Property="QueryOptions">
                            <Record>
                                <PropertyValue Property="SelectSupported" Bool="true"/>
                            </Record>
                        </PropertyValue>
                    </Record>
                </Annotation>
                <Annotation Term="SAP__capabilties.DeleteRestrictions">
                    <Record>
                        <PropertyValue Property="Deletable" Bool="false"/>
                    </Record>
                </Annotation>
                <Annotation Term="SAP__capabilties.FilterRestrictions">
                    <Record>
                        <PropertyValue Property="FilterExpressionRestrictions">
                            <Collection>
                                <Record>
                                    <PropertyValue Property="Property" PropertyPath="Format/Orientation"/>
                                    <PropertyValue Property="AllowedExpressions" String="Multivalue"/>
                                </Record>
                                <Record>
                                    <PropertyValue Property="Property" PropertyPath="Format/PaperSize"/>
                                    <PropertyValue Property="AllowedExpressions" String="Multivalue"/>
                                </Record>
                            </Collection>
                        </PropertyValue>
                    </Record>
                </Annotation>
            </Annotations>
            <Annotations Target="cds_zsd_log_gasprodrep_monthly.SAP__Format/FitToPage/ErrorRecoveryBehavior" xmlns="http://docs.oasis-open.org/odata/ns/edm">
                <Annotation Term="SAP__common.ValueListReferences">
                    <Record>
                        <PropertyValue Property="Url" String="./$metadata"/>
                        <PropertyValue Property="CollectionPath" String="../../../../SAP__ValueHelpSet?$filter=VALUEHELP%20eq%20%27ErrorRecoveryBehaviour%27"/>
                    </Record>
                </Annotation>
                <Annotation Term="SAP__common.ValueListWithFixedValues"/>
            </Annotations>
            <Annotations Target="cds_zsd_log_gasprodrep_monthly.SAP__Format/FontName" xmlns="http://docs.oasis-open.org/odata/ns/edm">
                <Annotation Term="SAP__common.ValueListReferences">
                    <Record>
                        <PropertyValue Property="Url" String="./$metadata"/>
                        <PropertyValue Property="CollectionPath" String="SAP__ValueHelpSet?$filter=VALUEHELP%20eq%20%27FontName%27"/>
                    </Record>
                </Annotation>
                <Annotation Term="SAP__common.ValueListWithFixedValues"/>
            </Annotations>
            <Annotations Target="cds_zsd_log_gasprodrep_monthly.SAP__Format/PaperSize" xmlns="http://docs.oasis-open.org/odata/ns/edm">
                <Annotation Term="SAP__common.ValueListReferences">
                    <Record>
                        <PropertyValue Property="Url" String="./$metadata"/>
                        <PropertyValue Property="CollectionPath" String="SAP__ValueHelpSet?$filter=VALUEHELP%20eq%20%27PaperSize%27"/>
                    </Record>
                </Annotation>
                <Annotation Term="SAP__common.ValueListWithFixedValues"/>
            </Annotations>
            <Annotations Target="cds_zsd_log_gasprodrep_monthly.SAP__Format/Orientation" xmlns="http://docs.oasis-open.org/odata/ns/edm">
                <Annotation Term="SAP__common.ValueListReferences">
                    <Record>
                        <PropertyValue Property="Url" String="./$metadata"/>
                        <PropertyValue Property="CollectionPath" String="SAP__ValueHelpSet?$filter=VALUEHELP%20eq%20%27FontName%27"/>
                    </Record>
                </Annotation>
                <Annotation Term="SAP__common.ValueListWithFixedValues"/>
            </Annotations>
            <Annotations Target="cds_zsd_log_gasprodrep_monthly.SAP__TableColumns/HorizontalAlignment" xmlns="http://docs.oasis-open.org/odata/ns/edm">
                <Annotation Term="SAP__common.ValueListReferences">
                    <Record>
                        <PropertyValue Property="Url" String="./$metadata"/>
                        <PropertyValue Property="CollectionPath" String="SAP__ValueHelpSet?$filter=VALUEHELP%20eq%20%27HorizontalAlignment%27"/>
                    </Record>
                </Annotation>
                <Annotation Term="SAP__common.ValueListWithFixedValues"/>
            </Annotations>
            <atom:link rel="self" href="http://crsdevdfmap.crescenterp.local:8000/sap/opu/odata/sap/ZUI_LOG_GASPRODREP_MONTHLY/$metadata" xmlns:atom="http://www.w3.org/2005/Atom"/>
            <atom:link rel="latest-version" href="http://crsdevdfmap.crescenterp.local:8000/sap/opu/odata/sap/ZUI_LOG_GASPRODREP_MONTHLY/$metadata" xmlns:atom="http://www.w3.org/2005/Atom"/>
        </Schema>
    </edmx:DataServices>
</edmx:Edmx>