<?xml version="1.0" encoding="utf-8"?>
<edmx:Edmx Version="4.0" xmlns:edmx="http://docs.oasis-open.org/odata/ns/edmx">
    <edmx:Reference Uri="../../catalogservice;v=2/Vocabularies(TechnicalName='%2FIWBEP%2FVOC_COMMON',Version='0001',SAP__Origin='')/$value">
        <edmx:Include Namespace="com.sap.vocabularies.Common.v1" Alias="Common"/>
    </edmx:Reference>
    <edmx:Reference Uri="../../catalogservice;v=2/Vocabularies(TechnicalName='%2FIWBEP%2FVOC_UI',Version='0001',SAP__Origin='')/$value">
        <edmx:Include Namespace="com.sap.vocabularies.UI.v1" Alias="UI"/>
    </edmx:Reference>
    <edmx:Reference Uri="../../catalogservice;v=2/Vocabularies(TechnicalName='%2FIWBEP%2FVOC_COMMUNICATION',Version='0001',SAP__Origin='')/$value">
        <edmx:Include Namespace="com.sap.vocabularies.Communication.v1" Alias="Communication"/>
    </edmx:Reference>
    <edmx:Reference Uri="../../catalogservice;v=2/Vocabularies(TechnicalName='%2FIWBEP%2FVOC_PERSONALDATA',Version='0001',SAP__Origin='')/$value">
        <edmx:Include Namespace="com.sap.vocabularies.PersonalData.v1" Alias="PersonalData"/>
    </edmx:Reference>
    <edmx:Reference Uri="../../catalogservice;v=2/Vocabularies(TechnicalName='%2FIWBEP%2FVOC_VALIDATION',Version='0001',SAP__Origin='')/$value">
        <edmx:Include Namespace="Org.OData.Validation.V1" Alias="Validation"/>
    </edmx:Reference>
    <edmx:Reference Uri="../../catalogservice;v=2/Vocabularies(TechnicalName='%2FIWBEP%2FVOC_ANALYTICS',Version='0001',SAP__Origin='')/$value">
        <edmx:Include Namespace="com.sap.vocabularies.Analytics.v1" Alias="Analytics"/>
    </edmx:Reference>
    <edmx:Reference Uri="../../catalogservice;v=2/Vocabularies(TechnicalName='%2FIWBEP%2FVOC_HTML5',Version='0001',SAP__Origin='')/$value">
        <edmx:Include Namespace="com.sap.vocabularies.HTML5.v1" Alias="HTML5"/>
    </edmx:Reference>
    <edmx:Reference Uri="../../../sap/zui_log_gasprodrep_monthly/$metadata">
        <edmx:Include Namespace="ZUI_LOG_GASPRODREP_MONTHLY" Alias="SAP"/>
    </edmx:Reference>
    <edmx:DataServices>
        <Schema Namespace="zui_log_gasprodrep_monthly_van.v1" xmlns="http://docs.oasis-open.org/odata/ns/edm">
            <Annotations Target="cds_zsd_log_gasprodrep_monthly.CreateSalesType/p_contract">
                <Annotation Term="UI.Hidden"/>
            </Annotations>
            <Annotations Target="cds_zsd_log_gasprodrep_monthly.CreateSalesType/p_yearmonth">
                <Annotation Term="UI.Hidden"/>
            </Annotations>
            <Annotations Target="cds_zsd_log_gasprodrep_monthly.GenerateType/p_contract">
                <Annotation Term="UI.Hidden"/>
            </Annotations>
            <Annotations Target="cds_zsd_log_gasprodrep_monthly.GenerateType/p_yearmonth">
                <Annotation Term="UI.Hidden"/>
            </Annotations>
            <Annotations Target="cds_zsd_log_gasprodrep_monthly.PrintType/p_contract">
                <Annotation Term="UI.Hidden"/>
            </Annotations>
            <Annotations Target="cds_zsd_log_gasprodrep_monthly.PrintType/p_yearmonth">
                <Annotation Term="UI.Hidden"/>
            </Annotations>
            <Annotations Target="cds_zsd_log_gasprodrep_monthly.ReviseType/p_contract">
                <Annotation Term="UI.Hidden"/>
            </Annotations>
            <Annotations Target="cds_zsd_log_gasprodrep_monthly.ReviseType/p_yearmonth">
                <Annotation Term="UI.Hidden"/>
            </Annotations>
            <Annotations Target="cds_zsd_log_gasprodrep_monthly.StatusType/Vbeln">
                <Annotation Term="UI.Hidden"/>
            </Annotations>
            <Annotations Target="cds_zsd_log_gasprodrep_monthly.StatusType/Prtype">
                <Annotation Term="UI.Hidden"/>
            </Annotations>
            <Annotations Target="cds_zsd_log_gasprodrep_monthly.StatusType/Zyearmonth">
                <Annotation Term="UI.Hidden"/>
            </Annotations>
            <Annotations Target="cds_zsd_log_gasprodrep_monthly.StatusType/Zyear">
                <Annotation Term="UI.Hidden"/>
            </Annotations>
            <Annotations Target="cds_zsd_log_gasprodrep_monthly.StatusType/UserID">
                <Annotation Term="UI.Hidden"/>
            </Annotations>
            <Annotations Target="cds_zsd_log_gasprodrep_monthly.StatusType/Status">
                <Annotation Term="UI.Hidden"/>
            </Annotations>
            <Annotations Target="cds_zsd_log_gasprodrep_monthly.StatusType">
                <Annotation Term="UI.Facets">
                    <Collection>
                        <Record Type="UI.ReferenceFacet">
                            <PropertyValue Property="Label" String="Status"/>
                            <PropertyValue Property="ID" String="Status"/>
                            <PropertyValue Property="Target" AnnotationPath="@UI.Identification"/>
                        </Record>
                    </Collection>
                </Annotation>
                <Annotation Term="UI.Identification">
                    <Collection>
                        <Record Type="UI.DataField">
                            <PropertyValue Property="Label" String="Approval Level"/>
                            <PropertyValue Property="Value" Path="AppLevel"/>
                        </Record>
                        <Record Type="UI.DataField">
                            <PropertyValue Property="Label" String="User Name"/>
                            <PropertyValue Property="Value" Path="UserName"/>
                        </Record>
                        <Record Type="UI.DataField">
                            <PropertyValue Property="Label" String="Status"/>
                            <PropertyValue Property="Value" Path="StatusDesc"/>
                        </Record>
                        <Record Type="UI.DataField">
                            <PropertyValue Property="Label" String="Comments"/>
                            <PropertyValue Property="Value" Path="Comments"/>
                        </Record>
                    </Collection>
                </Annotation>
                <Annotation Term="UI.LineItem">
                    <Collection>
                        <Record Type="UI.DataField">
                            <PropertyValue Property="Label" String="Approval Level"/>
                            <PropertyValue Property="Value" Path="AppLevel"/>
                        </Record>
                        <Record Type="UI.DataField">
                            <PropertyValue Property="Label" String="User Name"/>
                            <PropertyValue Property="Value" Path="UserName"/>
                        </Record>
                        <Record Type="UI.DataField">
                            <PropertyValue Property="Label" String="Status"/>
                            <PropertyValue Property="Value" Path="StatusDesc"/>
                        </Record>
                        <Record Type="UI.DataField">
                            <PropertyValue Property="Label" String="Comments"/>
                            <PropertyValue Property="Value" Path="Comments"/>
                        </Record>
                    </Collection>
                </Annotation>
            </Annotations>
            <Annotations Target="cds_zsd_log_gasprodrep_monthly.AprStatType/Vbeln">
                <Annotation Term="UI.Hidden"/>
            </Annotations>
            <Annotations Target="cds_zsd_log_gasprodrep_monthly.AprStatType/ZyearMonth">
                <Annotation Term="UI.Hidden"/>
            </Annotations>
            <Annotations Target="cds_zsd_log_gasprodrep_monthly.AprStatType/prstatus">
                <Annotation Term="UI.Hidden"/>
            </Annotations>
            <Annotations Target="cds_zsd_log_gasprodrep_monthly.AprStatType">
                <Annotation Term="UI.Facets">
                    <Collection>
                        <Record Type="UI.ReferenceFacet">
                            <PropertyValue Property="Label" String="Approval Status"/>
                            <PropertyValue Property="ID" String="AprStat"/>
                            <PropertyValue Property="Target" AnnotationPath="@UI.Identification"/>
                        </Record>
                    </Collection>
                </Annotation>
                <Annotation Term="UI.Identification">
                    <Collection>
                        <Record Type="UI.DataField">
                            <PropertyValue Property="Label" String="MPR Month"/>
                            <PropertyValue Property="Value" Path="YearMonth"/>
                        </Record>
                        <Record Type="UI.DataField">
                            <PropertyValue Property="Label" String="MPR Status"/>
                            <PropertyValue Property="Value" Path="StatusDesc"/>
                        </Record>
                        <Record Type="UI.DataField">
                            <PropertyValue Property="Label" String="From Date"/>
                            <PropertyValue Property="Value" Path="FromDate"/>
                        </Record>
                        <Record Type="UI.DataField">
                            <PropertyValue Property="Label" String="From Time"/>
                            <PropertyValue Property="Value" Path="FromTime"/>
                        </Record>
                        <Record Type="UI.DataField">
                            <PropertyValue Property="Label" String="To Date"/>
                            <PropertyValue Property="Value" Path="ToDate"/>
                        </Record>
                        <Record Type="UI.DataField">
                            <PropertyValue Property="Label" String="To Time"/>
                            <PropertyValue Property="Value" Path="ToTime"/>
                        </Record>
                    </Collection>
                </Annotation>
                <Annotation Term="UI.LineItem">
                    <Collection>
                        <Record Type="UI.DataField">
                            <PropertyValue Property="Label" String="MPR Month"/>
                            <PropertyValue Property="Value" Path="YearMonth"/>
                        </Record>
                        <Record Type="UI.DataField">
                            <PropertyValue Property="Label" String="MPR Status"/>
                            <PropertyValue Property="Value" Path="StatusDesc"/>
                        </Record>
                        <Record Type="UI.DataField">
                            <PropertyValue Property="Label" String="From Date"/>
                            <PropertyValue Property="Value" Path="FromDate"/>
                        </Record>
                        <Record Type="UI.DataField">
                            <PropertyValue Property="Label" String="From Time"/>
                            <PropertyValue Property="Value" Path="FromTime"/>
                        </Record>
                        <Record Type="UI.DataField">
                            <PropertyValue Property="Label" String="To Date"/>
                            <PropertyValue Property="Value" Path="ToDate"/>
                        </Record>
                        <Record Type="UI.DataField">
                            <PropertyValue Property="Label" String="To Time"/>
                            <PropertyValue Property="Value" Path="ToTime"/>
                        </Record>
                    </Collection>
                </Annotation>
            </Annotations>
            <Annotations Target="cds_zsd_log_gasprodrep_monthly.DailyType/Vbeln">
                <Annotation Term="UI.Hidden"/>
            </Annotations>
            <Annotations Target="cds_zsd_log_gasprodrep_monthly.DailyType/zyearmonth">
                <Annotation Term="UI.Hidden"/>
            </Annotations>
            <Annotations Target="cds_zsd_log_gasprodrep_monthly.DailyType/Zdate">
                <Annotation Term="UI.Hidden"/>
            </Annotations>
            <Annotations Target="cds_zsd_log_gasprodrep_monthly.DailyType/Peakpressure">
                <Annotation Term="UI.Hidden"/>
            </Annotations>
            <Annotations Target="cds_zsd_log_gasprodrep_monthly.DailyType/C6mole">
                <Annotation Term="UI.Hidden"/>
            </Annotations>
            <Annotations Target="cds_zsd_log_gasprodrep_monthly.DailyType/C7mole">
                <Annotation Term="UI.Hidden"/>
            </Annotations>
            <Annotations Target="cds_zsd_log_gasprodrep_monthly.DailyType/C8mole">
                <Annotation Term="UI.Hidden"/>
            </Annotations>
            <Annotations Target="cds_zsd_log_gasprodrep_monthly.DailyType/C9mole">
                <Annotation Term="UI.Hidden"/>
            </Annotations>
            <Annotations Target="cds_zsd_log_gasprodrep_monthly.DailyType/Prdboe">
                <Annotation Term="UI.Hidden"/>
            </Annotations>
            <Annotations Target="cds_zsd_log_gasprodrep_monthly.DailyType/Pstation1">
                <Annotation Term="UI.Hidden"/>
            </Annotations>
            <Annotations Target="cds_zsd_log_gasprodrep_monthly.DailyType/Pstation2">
                <Annotation Term="UI.Hidden"/>
            </Annotations>
            <Annotations Target="cds_zsd_log_gasprodrep_monthly.DailyType/Pstation3">
                <Annotation Term="UI.Hidden"/>
            </Annotations>
            <Annotations Target="cds_zsd_log_gasprodrep_monthly.DailyType/Pstation4">
                <Annotation Term="UI.Hidden"/>
            </Annotations>
            <Annotations Target="cds_zsd_log_gasprodrep_monthly.DailyType">
                <Annotation Term="UI.Facets">
                    <Collection>
                        <Record Type="UI.ReferenceFacet">
                            <PropertyValue Property="Label" String="Monthly Report"/>
                            <PropertyValue Property="ID" String="Daily"/>
                            <PropertyValue Property="Target" AnnotationPath="@UI.Identification"/>
                        </Record>
                    </Collection>
                </Annotation>
                <Annotation Term="UI.Identification">
                    <Collection>
                        <Record Type="UI.DataField">
                            <PropertyValue Property="Label" String="Date"/>
                            <PropertyValue Property="Value" Path="Zdatelong"/>
                        </Record>
                        <Record Type="UI.DataField">
                            <PropertyValue Property="Label" String="Daily Total Qty (MMSCF)"/>
                            <PropertyValue Property="Value" Path="Prdmmscf"/>
                        </Record>
                        <Record Type="UI.DataField">
                            <PropertyValue Property="Label" String="Daily Toal Qty (MMBTU)"/>
                            <PropertyValue Property="Value" Path="Prdmmbtu"/>
                        </Record>
                        <Record Type="UI.DataField">
                            <PropertyValue Property="Label" String="Proper Nomination (MMSCF)"/>
                            <PropertyValue Property="Value" Path="Propernom"/>
                        </Record>
                        <Record Type="UI.DataField">
                            <PropertyValue Property="Label" String="Corrected Nomination (MMSCF)"/>
                            <PropertyValue Property="Value" Path="Correctednom"/>
                        </Record>
                        <Record Type="UI.DataField">
                            <PropertyValue Property="Label" String="Average GHV (BTU/SCF)"/>
                            <PropertyValue Property="Value" Path="Avgghv"/>
                        </Record>
                        <Record Type="UI.DataField">
                            <PropertyValue Property="Label" String="Average Sales GHV (BTU/SCF)"/>
                            <PropertyValue Property="Value" Path="AvgghvSales"/>
                        </Record>
                        <Record Type="UI.DataField">
                            <PropertyValue Property="Label" String="Seller Shortfall (MMSCF)"/>
                            <PropertyValue Property="Value" Path="Sellshort"/>
                        </Record>
                        <Record Type="UI.DataField">
                            <PropertyValue Property="Label" String="Qty Not achieved due to maintenance (MMSCF)"/>
                            <PropertyValue Property="Value" Path="Quntmaint"/>
                        </Record>
                        <Record Type="UI.DataField">
                            <PropertyValue Property="Label" String="Qty Not achieved due to FM (MMSCF)"/>
                            <PropertyValue Property="Value" Path="Qunatfm"/>
                        </Record>
                        <Record Type="UI.DataField">
                            <PropertyValue Property="Label" String="Qty not achieved due to offspec Gas (MMSCF)"/>
                            <PropertyValue Property="Value" Path="Qunstoffspec"/>
                        </Record>
                        <Record Type="UI.DataField">
                            <PropertyValue Property="Label" String="C1 (Mole%)"/>
                            <PropertyValue Property="Value" Path="C1mole"/>
                        </Record>
                        <Record Type="UI.DataField">
                            <PropertyValue Property="Label" String="C2 (Mole%)"/>
                            <PropertyValue Property="Value" Path="C2mole"/>
                        </Record>
                        <Record Type="UI.DataField">
                            <PropertyValue Property="Label" String="C3 (Mole%)"/>
                            <PropertyValue Property="Value" Path="C3mole"/>
                        </Record>
                        <Record Type="UI.DataField">
                            <PropertyValue Property="Label" String="C4 (Mole%)"/>
                            <PropertyValue Property="Value" Path="C4mole"/>
                        </Record>
                        <Record Type="UI.DataField">
                            <PropertyValue Property="Label" String="C5+ (Mole%)"/>
                            <PropertyValue Property="Value" Path="C5mole"/>
                        </Record>
                        <Record Type="UI.DataField">
                            <PropertyValue Property="Label" String="C6 (Mole%)"/>
                            <PropertyValue Property="Value" Path="C6mole"/>
                        </Record>
                        <Record Type="UI.DataField">
                            <PropertyValue Property="Label" String="C7 (Mole%)"/>
                            <PropertyValue Property="Value" Path="C7mole"/>
                        </Record>
                        <Record Type="UI.DataField">
                            <PropertyValue Property="Label" String="C8 (Mole%)"/>
                            <PropertyValue Property="Value" Path="C8mole"/>
                        </Record>
                        <Record Type="UI.DataField">
                            <PropertyValue Property="Label" String="C9 (Mole%)"/>
                            <PropertyValue Property="Value" Path="C9mole"/>
                        </Record>
                        <Record Type="UI.DataField">
                            <PropertyValue Property="Label" String="C2 (Mole%)"/>
                            <PropertyValue Property="Value" Path="N2mole"/>
                        </Record>
                        <Record Type="UI.DataField">
                            <PropertyValue Property="Label" String="CO2 (Mole%)"/>
                            <PropertyValue Property="Value" Path="Co2mole"/>
                        </Record>
                        <Record Type="UI.DataField">
                            <PropertyValue Property="Label" String="O2 (Mole%)"/>
                            <PropertyValue Property="Value" Path="O2mole"/>
                        </Record>
                        <Record Type="UI.DataField">
                            <PropertyValue Property="Label" String="MW"/>
                            <PropertyValue Property="Value" Path="Moleweight"/>
                        </Record>
                        <Record Type="UI.DataField">
                            <PropertyValue Property="Label" String="Wobbe Index"/>
                            <PropertyValue Property="Value" Path="Wobbeindex"/>
                        </Record>
                        <Record Type="UI.DataField">
                            <PropertyValue Property="Label" String="H2S (PPM)"/>
                            <PropertyValue Property="Value" Path="H2sppm"/>
                        </Record>
                        <Record Type="UI.DataField">
                            <PropertyValue Property="Label" String="HC Dew Point"/>
                            <PropertyValue Property="Value" Path="Hcdew"/>
                        </Record>
                        <Record Type="UI.DataField">
                            <PropertyValue Property="Label" String="H2O Dew Point"/>
                            <PropertyValue Property="Value" Path="H2odew"/>
                        </Record>
                    </Collection>
                </Annotation>
                <Annotation Term="UI.LineItem">
                    <Collection>
                        <Record Type="UI.DataField">
                            <PropertyValue Property="Label" String="Date"/>
                            <PropertyValue Property="Value" Path="Zdatelong"/>
                        </Record>
                        <Record Type="UI.DataField">
                            <PropertyValue Property="Label" String="Daily Total Qty (MMSCF)"/>
                            <PropertyValue Property="Value" Path="Prdmmscf"/>
                        </Record>
                        <Record Type="UI.DataField">
                            <PropertyValue Property="Label" String="Daily Total Qty (MMBTU)"/>
                            <PropertyValue Property="Value" Path="Prdmmbtu"/>
                        </Record>
                        <Record Type="UI.DataField">
                            <PropertyValue Property="Label" String="Proper Nomination (MMSCF)"/>
                            <PropertyValue Property="Value" Path="Propernom"/>
                        </Record>
                        <Record Type="UI.DataField">
                            <PropertyValue Property="Label" String="Corrected Nomination (MMSCF)"/>
                            <PropertyValue Property="Value" Path="Correctednom"/>
                        </Record>
                        <Record Type="UI.DataField">
                            <PropertyValue Property="Label" String="Average GHV (BTU/SCF)"/>
                            <PropertyValue Property="Value" Path="Avgghv"/>
                        </Record>
                        <Record Type="UI.DataField">
                            <PropertyValue Property="Label" String="Average Sales GHV (BTU/SCF)"/>
                            <PropertyValue Property="Value" Path="AvgghvSales"/>
                        </Record>
                        <Record Type="UI.DataField">
                            <PropertyValue Property="Label" String="Seller Shortfall (MMSCF)"/>
                            <PropertyValue Property="Value" Path="Sellshort"/>
                        </Record>
                        <Record Type="UI.DataField">
                            <PropertyValue Property="Label" String="Qty Not achieved due to maintenance (MMSCF)"/>
                            <PropertyValue Property="Value" Path="Quntmaint"/>
                        </Record>
                        <Record Type="UI.DataField">
                            <PropertyValue Property="Label" String="Qty Not achieved due to FM (MMSCF)"/>
                            <PropertyValue Property="Value" Path="Qunatfm"/>
                        </Record>
                        <Record Type="UI.DataField">
                            <PropertyValue Property="Label" String="Qty not achieved due to offspec Gas (MMSCF)"/>
                            <PropertyValue Property="Value" Path="Qunstoffspec"/>
                        </Record>
                        <Record Type="UI.DataField">
                            <PropertyValue Property="Label" String="C1 (Mole%)"/>
                            <PropertyValue Property="Value" Path="C1mole"/>
                        </Record>
                        <Record Type="UI.DataField">
                            <PropertyValue Property="Label" String="C2 (Mole%)"/>
                            <PropertyValue Property="Value" Path="C2mole"/>
                        </Record>
                        <Record Type="UI.DataField">
                            <PropertyValue Property="Label" String="C3 (Mole%)"/>
                            <PropertyValue Property="Value" Path="C3mole"/>
                        </Record>
                        <Record Type="UI.DataField">
                            <PropertyValue Property="Label" String="C4 (Mole%)"/>
                            <PropertyValue Property="Value" Path="C4mole"/>
                        </Record>
                        <Record Type="UI.DataField">
                            <PropertyValue Property="Label" String="C5+ (Mole%)"/>
                            <PropertyValue Property="Value" Path="C5mole"/>
                        </Record>
                        <Record Type="UI.DataField">
                            <PropertyValue Property="Label" String="C6 (Mole%)"/>
                            <PropertyValue Property="Value" Path="C6mole"/>
                        </Record>
                        <Record Type="UI.DataField">
                            <PropertyValue Property="Label" String="C7 (Mole%)"/>
                            <PropertyValue Property="Value" Path="C7mole"/>
                        </Record>
                        <Record Type="UI.DataField">
                            <PropertyValue Property="Label" String="C8 (Mole%)"/>
                            <PropertyValue Property="Value" Path="C8mole"/>
                        </Record>
                        <Record Type="UI.DataField">
                            <PropertyValue Property="Label" String="C9 (Mole%)"/>
                            <PropertyValue Property="Value" Path="C9mole"/>
                        </Record>
                        <Record Type="UI.DataField">
                            <PropertyValue Property="Label" String="N2 (Mole%)"/>
                            <PropertyValue Property="Value" Path="N2mole"/>
                        </Record>
                        <Record Type="UI.DataField">
                            <PropertyValue Property="Label" String="CO2 (Mole%)"/>
                            <PropertyValue Property="Value" Path="Co2mole"/>
                        </Record>
                        <Record Type="UI.DataField">
                            <PropertyValue Property="Label" String="O2 (Mole%)"/>
                            <PropertyValue Property="Value" Path="O2mole"/>
                        </Record>
                        <Record Type="UI.DataField">
                            <PropertyValue Property="Label" String="MW"/>
                            <PropertyValue Property="Value" Path="Moleweight"/>
                        </Record>
                        <Record Type="UI.DataField">
                            <PropertyValue Property="Label" String="Wobbe Index"/>
                            <PropertyValue Property="Value" Path="Wobbeindex"/>
                        </Record>
                        <Record Type="UI.DataField">
                            <PropertyValue Property="Label" String="H2S (PPM)"/>
                            <PropertyValue Property="Value" Path="H2sppm"/>
                        </Record>
                        <Record Type="UI.DataField">
                            <PropertyValue Property="Label" String="HC Dew Point"/>
                            <PropertyValue Property="Value" Path="Hcdew"/>
                        </Record>
                        <Record Type="UI.DataField">
                            <PropertyValue Property="Label" String="H2O Dew Point"/>
                            <PropertyValue Property="Value" Path="H2odew"/>
                        </Record>
                    </Collection>
                </Annotation>
            </Annotations>
            <Annotations Target="cds_zsd_log_gasprodrep_monthly.MonthlyType/PrdmmscfQ">
                <Annotation Term="UI.Hidden"/>
            </Annotations>
            <Annotations Target="cds_zsd_log_gasprodrep_monthly.MonthlyType/PrdmmbtuQ">
                <Annotation Term="UI.Hidden"/>
            </Annotations>
            <Annotations Target="cds_zsd_log_gasprodrep_monthly.MonthlyType/AvgghvQ">
                <Annotation Term="UI.Hidden"/>
            </Annotations>
            <Annotations Target="cds_zsd_log_gasprodrep_monthly.MonthlyType/MavgghvQ">
                <Annotation Term="UI.Hidden"/>
            </Annotations>
            <Annotations Target="cds_zsd_log_gasprodrep_monthly.MonthlyType/AvgghvSalesQ">
                <Annotation Term="UI.Hidden"/>
            </Annotations>
            <Annotations Target="cds_zsd_log_gasprodrep_monthly.MonthlyType/ProperNom">
                <Annotation Term="UI.Hidden"/>
            </Annotations>
            <Annotations Target="cds_zsd_log_gasprodrep_monthly.MonthlyType/ProperNomQ">
                <Annotation Term="UI.Hidden"/>
            </Annotations>
            <Annotations Target="cds_zsd_log_gasprodrep_monthly.MonthlyType/CorrectedNom">
                <Annotation Term="UI.Hidden"/>
            </Annotations>
            <Annotations Target="cds_zsd_log_gasprodrep_monthly.MonthlyType/CorrectedNomQ">
                <Annotation Term="UI.Hidden"/>
            </Annotations>
            <Annotations Target="cds_zsd_log_gasprodrep_monthly.MonthlyType/SellShortQ">
                <Annotation Term="UI.Hidden"/>
            </Annotations>
            <Annotations Target="cds_zsd_log_gasprodrep_monthly.MonthlyType/QuntmaintQ">
                <Annotation Term="UI.Hidden"/>
            </Annotations>
            <Annotations Target="cds_zsd_log_gasprodrep_monthly.MonthlyType/QunatfmQ">
                <Annotation Term="UI.Hidden"/>
            </Annotations>
            <Annotations Target="cds_zsd_log_gasprodrep_monthly.MonthlyType/QunstoffspecQ">
                <Annotation Term="UI.Hidden"/>
            </Annotations>
            <Annotations Target="cds_zsd_log_gasprodrep_monthly.MonthlyType/C6mole">
                <Annotation Term="UI.Hidden"/>
            </Annotations>
            <Annotations Target="cds_zsd_log_gasprodrep_monthly.MonthlyType/C7mole">
                <Annotation Term="UI.Hidden"/>
            </Annotations>
            <Annotations Target="cds_zsd_log_gasprodrep_monthly.MonthlyType/C8mole">
                <Annotation Term="UI.Hidden"/>
            </Annotations>
            <Annotations Target="cds_zsd_log_gasprodrep_monthly.MonthlyType/C9mole">
                <Annotation Term="UI.Hidden"/>
            </Annotations>
            <Annotations Target="cds_zsd_log_gasprodrep_monthly.MonthlyType/prstatus">
                <Annotation Term="UI.Hidden"/>
            </Annotations>
            <Annotations Target="cds_zsd_log_gasprodrep_monthly.MonthlyType/Delivery">
                <Annotation Term="UI.Hidden"/>
            </Annotations>
            <Annotations Target="cds_zsd_log_gasprodrep_monthly.MonthlyType/GenerateEnable">
                <Annotation Term="UI.Hidden"/>
            </Annotations>
            <Annotations Target="cds_zsd_log_gasprodrep_monthly.MonthlyType/ReviseEnable">
                <Annotation Term="UI.Hidden"/>
            </Annotations>
            <Annotations Target="cds_zsd_log_gasprodrep_monthly.MonthlyType/PrintEnable">
                <Annotation Term="UI.Hidden"/>
            </Annotations>
            <Annotations Target="cds_zsd_log_gasprodrep_monthly.MonthlyType/SalesEnable">
                <Annotation Term="UI.Hidden"/>
            </Annotations>
            <Annotations Target="cds_zsd_log_gasprodrep_monthly.MonthlyType/UploadEnable">
                <Annotation Term="UI.Hidden"/>
            </Annotations>
            <Annotations Target="cds_zsd_log_gasprodrep_monthly.MonthlyType/DownloadEnable">
                <Annotation Term="UI.Hidden"/>
            </Annotations>
            <Annotations Target="cds_zsd_log_gasprodrep_monthly.MonthlyType">
                <Annotation Term="UI.Facets">
                    <Collection>
                        <Record Type="UI.ReferenceFacet">
                            <PropertyValue Property="Label" String="Approval Status"/>
                            <PropertyValue Property="ID" String="AprStat"/>
                            <PropertyValue Property="Target" AnnotationPath="to_apr_stat/@UI.Identification"/>
                        </Record>
                        <Record Type="UI.ReferenceFacet">
                            <PropertyValue Property="Label" String="Status"/>
                            <PropertyValue Property="ID" String="Status"/>
                            <PropertyValue Property="Target" AnnotationPath="to_status/@UI.LineItem"/>
                        </Record>
                        <Record Type="UI.ReferenceFacet">
                            <PropertyValue Property="Label" String="Nomination Data"/>
                            <PropertyValue Property="ID" String="Monthly"/>
                            <PropertyValue Property="Target" AnnotationPath="@UI.Identification"/>
                        </Record>
                        <Record Type="UI.ReferenceFacet">
                            <PropertyValue Property="Label" String="Monthly Report"/>
                            <PropertyValue Property="ID" String="Daily"/>
                            <PropertyValue Property="Target" AnnotationPath="to_daily/@UI.LineItem"/>
                        </Record>
                    </Collection>
                </Annotation>
                <Annotation Term="UI.HeaderInfo">
                    <Record>
                        <PropertyValue Property="TypeName" String="Kor Mor Monthly Production Report - Gas Sales"/>
                        <PropertyValue Property="TypeNamePlural" String="Kor Mor Monthly Production Report - Gas Sales"/>
                        <PropertyValue Property="Title">
                            <Record Type="UI.DataField">
                                <PropertyValue Property="Label" String="Kor Mor Monthly Production Report - Gas Sales"/>
                            </Record>
                        </PropertyValue>
                    </Record>
                </Annotation>
                <Annotation Term="UI.Identification">
                    <Collection>
                        <Record Type="UI.DataField">
                            <PropertyValue Property="Label" String="Monthly Quantity of Gas Delivered"/>
                            <PropertyValue Property="Value" Path="Prdmmscf"/>
                        </Record>
                        <Record Type="UI.DataField">
                            <PropertyValue Property="Label" String="Monthly Average GHV of Gas"/>
                            <PropertyValue Property="Value" Path="Avgghv"/>
                        </Record>
                        <Record Type="UI.DataField">
                            <PropertyValue Property="Label" String="Monthly Gas Delivered"/>
                            <PropertyValue Property="Value" Path="Prdmmbtu"/>
                        </Record>
                        <Record Type="UI.DataField">
                            <PropertyValue Property="Label" String="Monthly Average GHV of Sales Gas"/>
                            <PropertyValue Property="Value" Path="AvgghvSales"/>
                        </Record>
                        <Record Type="UI.DataField">
                            <PropertyValue Property="Label" String="Proper Nomination"/>
                            <PropertyValue Property="Value" Path="ProperNom"/>
                        </Record>
                        <Record Type="UI.DataField">
                            <PropertyValue Property="Label" String="Monthly Sales Gas Delivered"/>
                            <PropertyValue Property="Value" Path="MAvgghv"/>
                        </Record>
                        <Record Type="UI.DataField">
                            <PropertyValue Property="Label" String="Seller Shortfall"/>
                            <PropertyValue Property="Value" Path="SellShort"/>
                        </Record>
                        <Record Type="UI.DataField">
                            <PropertyValue Property="Label" String="Corrected Nomination"/>
                            <PropertyValue Property="Value" Path="CorrectedNom"/>
                        </Record>
                        <Record Type="UI.DataField">
                            <PropertyValue Property="Label" String="Quantity not achieved due to maintenance"/>
                            <PropertyValue Property="Value" Path="Quntmaint"/>
                        </Record>
                        <Record Type="UI.DataField">
                            <PropertyValue Property="Label" String="Quantity not achieved due to force majeure"/>
                            <PropertyValue Property="Value" Path="Qunatfm"/>
                        </Record>
                        <Record Type="UI.DataField">
                            <PropertyValue Property="Label" String="Quantity not achieved due to Offspec gas rejected by buyer"/>
                            <PropertyValue Property="Value" Path="Qunstoffspec"/>
                        </Record>
                    </Collection>
                </Annotation>
                <Annotation Term="UI.LineItem">
                    <Collection>
                        <Record Type="UI.DataField">
                            <PropertyValue Property="Label" String="Contract"/>
                            <PropertyValue Property="Value" Path="Vbeln"/>
                        </Record>
                        <Record Type="UI.DataField">
                            <PropertyValue Property="Label" String="MPR Month"/>
                            <PropertyValue Property="Value" Path="zyearmonth"/>
                        </Record>
                        <Record Type="UI.DataField">
                            <PropertyValue Property="Label" String="Monthly Quantity of Gas Delivered"/>
                            <PropertyValue Property="Value" Path="Prdmmscf"/>
                        </Record>
                        <Record Type="UI.DataField">
                            <PropertyValue Property="Label" String="Monthly Average GHV of Gas"/>
                            <PropertyValue Property="Value" Path="Avgghv"/>
                        </Record>
                        <Record Type="UI.DataField">
                            <PropertyValue Property="Label" String="Monthly Gas Delivered"/>
                            <PropertyValue Property="Value" Path="Prdmmbtu"/>
                        </Record>
                        <Record Type="UI.DataField">
                            <PropertyValue Property="Label" String="Monthly Average GHV of Sales Gas"/>
                            <PropertyValue Property="Value" Path="AvgghvSales"/>
                        </Record>
                        <Record Type="UI.DataField">
                            <PropertyValue Property="Label" String="Proper Nomination"/>
                            <PropertyValue Property="Value" Path="ProperNom"/>
                        </Record>
                        <Record Type="UI.DataField">
                            <PropertyValue Property="Label" String="Monthly Sales Gas Delivered"/>
                            <PropertyValue Property="Value" Path="MAvgghv"/>
                        </Record>
                        <Record Type="UI.DataField">
                            <PropertyValue Property="Label" String="Seller Shortfall"/>
                            <PropertyValue Property="Value" Path="SellShort"/>
                        </Record>
                        <Record Type="UI.DataField">
                            <PropertyValue Property="Label" String="Corrected Nomination"/>
                            <PropertyValue Property="Value" Path="CorrectedNom"/>
                        </Record>
                        <Record Type="UI.DataField">
                            <PropertyValue Property="Label" String="Quantity not achieved due to maintenance"/>
                            <PropertyValue Property="Value" Path="Quntmaint"/>
                        </Record>
                        <Record Type="UI.DataField">
                            <PropertyValue Property="Label" String="Quantity not achieved due to force majeure"/>
                            <PropertyValue Property="Value" Path="Qunatfm"/>
                        </Record>
                        <Record Type="UI.DataField">
                            <PropertyValue Property="Label" String="Quantity not achieved due to offspec gas rejected by buyer"/>
                            <PropertyValue Property="Value" Path="Qunstoffspec"/>
                        </Record>
                        <Record Type="UI.DataField">
                            <PropertyValue Property="Label" String="C1 (Mole%)"/>
                            <PropertyValue Property="Value" Path="C1mole"/>
                        </Record>
                        <Record Type="UI.DataField">
                            <PropertyValue Property="Label" String="C2 (Mole%)"/>
                            <PropertyValue Property="Value" Path="C2mole"/>
                        </Record>
                        <Record Type="UI.DataField">
                            <PropertyValue Property="Label" String="C3 (Mole%)"/>
                            <PropertyValue Property="Value" Path="C3mole"/>
                        </Record>
                        <Record Type="UI.DataField">
                            <PropertyValue Property="Label" String="C4 (Mole%)"/>
                            <PropertyValue Property="Value" Path="C4mole"/>
                        </Record>
                        <Record Type="UI.DataField">
                            <PropertyValue Property="Label" String="C5+ (Mole%)"/>
                            <PropertyValue Property="Value" Path="C5mole"/>
                        </Record>
                        <Record Type="UI.DataField">
                            <PropertyValue Property="Label" String="C6 (Mole%)"/>
                            <PropertyValue Property="Value" Path="C6mole"/>
                        </Record>
                        <Record Type="UI.DataField">
                            <PropertyValue Property="Label" String="C7 (Mole%)"/>
                            <PropertyValue Property="Value" Path="C7mole"/>
                        </Record>
                        <Record Type="UI.DataField">
                            <PropertyValue Property="Label" String="C8 (Mole%)"/>
                            <PropertyValue Property="Value" Path="C8mole"/>
                        </Record>
                        <Record Type="UI.DataField">
                            <PropertyValue Property="Label" String="C9 (Mole%)"/>
                            <PropertyValue Property="Value" Path="C9mole"/>
                        </Record>
                        <Record Type="UI.DataField">
                            <PropertyValue Property="Label" String="N2 (Mole%)"/>
                            <PropertyValue Property="Value" Path="N2mole"/>
                        </Record>
                        <Record Type="UI.DataField">
                            <PropertyValue Property="Label" String="CO2 (Mole%)"/>
                            <PropertyValue Property="Value" Path="Co2mole"/>
                        </Record>
                        <Record Type="UI.DataField">
                            <PropertyValue Property="Label" String="O2 (Mole%)"/>
                            <PropertyValue Property="Value" Path="O2mole"/>
                        </Record>
                        <Record Type="UI.DataField">
                            <PropertyValue Property="Label" String="Moleweight"/>
                            <PropertyValue Property="Value" Path="Moleweight"/>
                        </Record>
                        <Record Type="UI.DataField">
                            <PropertyValue Property="Label" String="Wobbeindex"/>
                            <PropertyValue Property="Value" Path="Wobbeindex"/>
                        </Record>
                        <Record Type="UI.DataField">
                            <PropertyValue Property="Label" String="H2S (PPM)"/>
                            <PropertyValue Property="Value" Path="H2sppm"/>
                        </Record>
                        <Record Type="UI.DataField">
                            <PropertyValue Property="Label" String="HC Dew"/>
                            <PropertyValue Property="Value" Path="Hcdew"/>
                        </Record>
                        <Record Type="UI.DataField">
                            <PropertyValue Property="Label" String="H2O Dew"/>
                            <PropertyValue Property="Value" Path="H2odew"/>
                        </Record>
                        <Record Type="UI.DataField">
                            <PropertyValue Property="Label" String="Total Product (boe)"/>
                            <PropertyValue Property="Value" Path="Prdboe"/>
                        </Record>
                    </Collection>
                </Annotation>
                <Annotation Term="UI.PresentationVariant">
                    <Record>
                        <PropertyValue Property="SortOrder">
                            <Collection>
                                <Record Type="Common.SortOrderType">
                                    <PropertyValue Property="Property" PropertyPath="Vbeln"/>
                                    <PropertyValue Property="Descending" Bool="false"/>
                                </Record>
                            </Collection>
                        </PropertyValue>
                    </Record>
                </Annotation>
                <Annotation Term="UI.SelectionFields">
                    <Collection>
                        <PropertyPath>Vbeln</PropertyPath>
                        <PropertyPath>zyearmonth</PropertyPath>
                    </Collection>
                </Annotation>
            </Annotations>
        </Schema>
    </edmx:DataServices>
</edmx:Edmx>