<?xml version="1.0" encoding="utf-8"?>
<edmx:Edmx Version="4.0" xmlns:edmx="http://docs.oasis-open.org/odata/ns/edmx">
    <edmx:Reference Uri="../../catalogservice;v=2/Vocabularies(TechnicalName='%2FIWBEP%2FVOC_COMMON',Version='0001',SAP__Origin='')/$value">
        <edmx:Include Namespace="com.sap.vocabularies.Common.v1" Alias="Common"/>
    </edmx:Reference>
    <edmx:Reference Uri="../../catalogservice;v=2/Vocabularies(TechnicalName='%2FIWBEP%2FVOC_UI',Version='0001',SAP__Origin='')/$value">
        <edmx:Include Namespace="com.sap.vocabularies.UI.v1" Alias="UI"/>
    </edmx:Reference>
    <edmx:Reference Uri="../../catalogservice;v=2/Vocabularies(TechnicalName='%2FIWBEP%2FVOC_COMMUNICATION',Version='0001',SAP__Origin='')/$value">
        <edmx:Include Namespace="com.sap.vocabularies.Communication.v1" Alias="Communication"/>
    </edmx:Reference>
    <edmx:Reference Uri="../../catalogservice;v=2/Vocabularies(TechnicalName='%2FIWBEP%2FVOC_PERSONALDATA',Version='0001',SAP__Origin='')/$value">
        <edmx:Include Namespace="com.sap.vocabularies.PersonalData.v1" Alias="PersonalData"/>
    </edmx:Reference>
    <edmx:Reference Uri="../../catalogservice;v=2/Vocabularies(TechnicalName='%2FIWBEP%2FVOC_VALIDATION',Version='0001',SAP__Origin='')/$value">
        <edmx:Include Namespace="Org.OData.Validation.V1" Alias="Validation"/>
    </edmx:Reference>
    <edmx:Reference Uri="../../catalogservice;v=2/Vocabularies(TechnicalName='%2FIWBEP%2FVOC_ANALYTICS',Version='0001',SAP__Origin='')/$value">
        <edmx:Include Namespace="com.sap.vocabularies.Analytics.v1" Alias="Analytics"/>
    </edmx:Reference>
    <edmx:Reference Uri="../../catalogservice;v=2/Vocabularies(TechnicalName='%2FIWBEP%2FVOC_HTML5',Version='0001',SAP__Origin='')/$value">
        <edmx:Include Namespace="com.sap.vocabularies.HTML5.v1" Alias="HTML5"/>
    </edmx:Reference>
    <edmx:Reference Uri="../../../sap/zui_log_salesgas_daily/$metadata">
        <edmx:Include Namespace="ZUI_LOG_SALESGAS_DAILY" Alias="SAP"/>
    </edmx:Reference>
    <edmx:DataServices>
        <Schema Namespace="zui_log_salesgas_daily_van.v1" xmlns="http://docs.oasis-open.org/odata/ns/edm">
            <Annotations Target="cds_zsd_log_salesgas_daily.DailyReportType/prdmmscfUoM">
                <Annotation Term="UI.Hidden"/>
            </Annotations>
            <Annotations Target="cds_zsd_log_salesgas_daily.DailyReportType/prdmmbtuUoM">
                <Annotation Term="UI.Hidden"/>
            </Annotations>
            <Annotations Target="cds_zsd_log_salesgas_daily.DailyReportType/avgghvUoM">
                <Annotation Term="UI.Hidden"/>
            </Annotations>
            <Annotations Target="cds_zsd_log_salesgas_daily.DailyReportType/avgghvSalesUoM">
                <Annotation Term="UI.Hidden"/>
            </Annotations>
            <Annotations Target="cds_zsd_log_salesgas_daily.DailyReportType/propernomUoM">
                <Annotation Term="UI.Hidden"/>
            </Annotations>
            <Annotations Target="cds_zsd_log_salesgas_daily.DailyReportType/CorrectednomUoM">
                <Annotation Term="UI.Hidden"/>
            </Annotations>
            <Annotations Target="cds_zsd_log_salesgas_daily.DailyReportType/SellShortUoM">
                <Annotation Term="UI.Hidden"/>
            </Annotations>
            <Annotations Target="cds_zsd_log_salesgas_daily.DailyReportType/QuntmaintUoM">
                <Annotation Term="UI.Hidden"/>
            </Annotations>
            <Annotations Target="cds_zsd_log_salesgas_daily.DailyReportType/QunatfmUoM">
                <Annotation Term="UI.Hidden"/>
            </Annotations>
            <Annotations Target="cds_zsd_log_salesgas_daily.DailyReportType/QunstoffspecUoM">
                <Annotation Term="UI.Hidden"/>
            </Annotations>
            <Annotations Target="cds_zsd_log_salesgas_daily.DailyReportType/PeakpressureUoM">
                <Annotation Term="UI.Hidden"/>
            </Annotations>
            <Annotations Target="cds_zsd_log_salesgas_daily.DailyReportType/C6mole">
                <Annotation Term="UI.Hidden"/>
            </Annotations>
            <Annotations Target="cds_zsd_log_salesgas_daily.DailyReportType/C7mole">
                <Annotation Term="UI.Hidden"/>
            </Annotations>
            <Annotations Target="cds_zsd_log_salesgas_daily.DailyReportType/C8mole">
                <Annotation Term="UI.Hidden"/>
            </Annotations>
            <Annotations Target="cds_zsd_log_salesgas_daily.DailyReportType/C9mole">
                <Annotation Term="UI.Hidden"/>
            </Annotations>
            <Annotations Target="cds_zsd_log_salesgas_daily.DailyReportType/Pstation1">
                <Annotation Term="UI.Hidden"/>
            </Annotations>
            <Annotations Target="cds_zsd_log_salesgas_daily.DailyReportType/Pstation2">
                <Annotation Term="UI.Hidden"/>
            </Annotations>
            <Annotations Target="cds_zsd_log_salesgas_daily.DailyReportType/Pstation3">
                <Annotation Term="UI.Hidden"/>
            </Annotations>
            <Annotations Target="cds_zsd_log_salesgas_daily.DailyReportType/Pstation4">
                <Annotation Term="UI.Hidden"/>
            </Annotations>
            <Annotations Target="cds_zsd_log_salesgas_daily.DailyReportType/ShortFall">
                <Annotation Term="UI.Hidden"/>
            </Annotations>
            <Annotations Target="cds_zsd_log_salesgas_daily.DailyReportType/ShortfallDesc">
                <Annotation Term="UI.Hidden"/>
            </Annotations>
            <Annotations Target="cds_zsd_log_salesgas_daily.DailyReportType/Prdboe">
                <Annotation Term="UI.Hidden"/>
            </Annotations>
            <Annotations Target="cds_zsd_log_salesgas_daily.DailyReportType/Prstatus">
                <Annotation Term="UI.Hidden"/>
            </Annotations>
            <Annotations Target="cds_zsd_log_salesgas_daily.DailyReportType">
                <Annotation Term="UI.Facets">
                    <Collection>
                        <Record Type="UI.ReferenceFacet">
                            <PropertyValue Property="Label" String="Daily Sales Gas Data"/>
                            <PropertyValue Property="ID" String="Daily"/>
                            <PropertyValue Property="Target" AnnotationPath="@UI.Identification"/>
                        </Record>
                    </Collection>
                </Annotation>
                <Annotation Term="UI.HeaderInfo">
                    <Record>
                        <PropertyValue Property="TypeName" String="Sales Gas Production Background report"/>
                        <PropertyValue Property="TypeNamePlural" String="Sales Gas Production Background report"/>
                        <PropertyValue Property="Title">
                            <Record Type="UI.DataField">
                                <PropertyValue Property="Label" String="Sales Gas Production Background report"/>
                            </Record>
                        </PropertyValue>
                    </Record>
                </Annotation>
                <Annotation Term="UI.Identification">
                    <Collection>
                        <Record Type="UI.DataField">
                            <PropertyValue Property="Label" String="Contract"/>
                            <PropertyValue Property="Value" Path="Vbeln"/>
                        </Record>
                        <Record Type="UI.DataField">
                            <PropertyValue Property="Label" String="Date"/>
                            <PropertyValue Property="Value" Path="Zdate"/>
                        </Record>
                        <Record Type="UI.DataField">
                            <PropertyValue Property="Label" String="Total Production (MMSCF)"/>
                            <PropertyValue Property="Value" Path="Prdmmscf"/>
                        </Record>
                        <Record Type="UI.DataField">
                            <PropertyValue Property="Label" String="Total Production (MMBTU)"/>
                            <PropertyValue Property="Value" Path="Prdmmbtu"/>
                        </Record>
                        <Record Type="UI.DataField">
                            <PropertyValue Property="Label" String="Average GHV"/>
                            <PropertyValue Property="Value" Path="Avgghv"/>
                        </Record>
                        <Record Type="UI.DataField">
                            <PropertyValue Property="Label" String="Daily Average GHV of Sales Gas"/>
                            <PropertyValue Property="Value" Path="AvgghvSales"/>
                        </Record>
                        <Record Type="UI.DataField">
                            <PropertyValue Property="Label" String="Proper Nomination"/>
                            <PropertyValue Property="Value" Path="Propernom"/>
                        </Record>
                        <Record Type="UI.DataField">
                            <PropertyValue Property="Label" String="Corrected Nomination"/>
                            <PropertyValue Property="Value" Path="Correctednom"/>
                        </Record>
                        <Record Type="UI.DataField">
                            <PropertyValue Property="Label" String="Seller Shortfall"/>
                            <PropertyValue Property="Value" Path="Sellshort"/>
                        </Record>
                        <Record Type="UI.DataField">
                            <PropertyValue Property="Label" String="Qty not achieved due to Maintenance"/>
                            <PropertyValue Property="Value" Path="Quntmaint"/>
                        </Record>
                        <Record Type="UI.DataField">
                            <PropertyValue Property="Label" String="Quantity not achieved sue to force majeure"/>
                            <PropertyValue Property="Value" Path="Qunatfm"/>
                        </Record>
                        <Record Type="UI.DataField">
                            <PropertyValue Property="Label" String="Qty not achieved due to Offspec Gas"/>
                            <PropertyValue Property="Value" Path="Qunstoffspec"/>
                        </Record>
                        <Record Type="UI.DataField">
                            <PropertyValue Property="Label" String="Peak Pressure Time"/>
                            <PropertyValue Property="Value" Path="Peakptime"/>
                        </Record>
                        <Record Type="UI.DataField">
                            <PropertyValue Property="Label" String="Peak Pressure"/>
                            <PropertyValue Property="Value" Path="Peakpressure"/>
                        </Record>
                        <Record Type="UI.DataField">
                            <PropertyValue Property="Label" String="C1 (Mole%)"/>
                            <PropertyValue Property="Value" Path="C1mole"/>
                        </Record>
                        <Record Type="UI.DataField">
                            <PropertyValue Property="Label" String="C2 (Mole%)"/>
                            <PropertyValue Property="Value" Path="C2mole"/>
                        </Record>
                        <Record Type="UI.DataField">
                            <PropertyValue Property="Label" String="C3 (Mole%)"/>
                            <PropertyValue Property="Value" Path="C3mole"/>
                        </Record>
                        <Record Type="UI.DataField">
                            <PropertyValue Property="Label" String="C4 (Mole%)"/>
                            <PropertyValue Property="Value" Path="C4mole"/>
                        </Record>
                        <Record Type="UI.DataField">
                            <PropertyValue Property="Label" String="C5+ (Mole%)"/>
                            <PropertyValue Property="Value" Path="C5mole"/>
                        </Record>
                        <Record Type="UI.DataField">
                            <PropertyValue Property="Label" String="N2 (Mole%)"/>
                            <PropertyValue Property="Value" Path="N2mole"/>
                        </Record>
                        <Record Type="UI.DataField">
                            <PropertyValue Property="Label" String="CO2 (Mole%)"/>
                            <PropertyValue Property="Value" Path="Co2mole"/>
                        </Record>
                        <Record Type="UI.DataField">
                            <PropertyValue Property="Label" String="O2 (Mole%)"/>
                            <PropertyValue Property="Value" Path="O2mole"/>
                        </Record>
                        <Record Type="UI.DataField">
                            <PropertyValue Property="Label" String="Molecular Weight"/>
                            <PropertyValue Property="Value" Path="Moleweight"/>
                        </Record>
                        <Record Type="UI.DataField">
                            <PropertyValue Property="Label" String="Wobbe Index"/>
                            <PropertyValue Property="Value" Path="Wobbeindex"/>
                        </Record>
                        <Record Type="UI.DataField">
                            <PropertyValue Property="Label" String="H2S (ppm)"/>
                            <PropertyValue Property="Value" Path="H2sppm"/>
                        </Record>
                        <Record Type="UI.DataField">
                            <PropertyValue Property="Label" String="HC Dewpoint (?C)"/>
                            <PropertyValue Property="Value" Path="Hcdew"/>
                        </Record>
                        <Record Type="UI.DataField">
                            <PropertyValue Property="Label" String="H2O Dewpoint (?C)"/>
                            <PropertyValue Property="Value" Path="H2odew"/>
                        </Record>
                        <Record Type="UI.DataField">
                            <PropertyValue Property="Label" String="Production Report Status"/>
                            <PropertyValue Property="Value" Path="StatusDesc"/>
                        </Record>
                    </Collection>
                </Annotation>
                <Annotation Term="UI.LineItem">
                    <Collection>
                        <Record Type="UI.DataField">
                            <PropertyValue Property="Value" Path="Vbeln"/>
                        </Record>
                        <Record Type="UI.DataField">
                            <PropertyValue Property="Value" Path="Zdate"/>
                        </Record>
                        <Record Type="UI.DataField">
                            <PropertyValue Property="Value" Path="Prdmmscf"/>
                        </Record>
                        <Record Type="UI.DataField">
                            <PropertyValue Property="Value" Path="prdmmscfUoM"/>
                        </Record>
                        <Record Type="UI.DataField">
                            <PropertyValue Property="Value" Path="Prdmmbtu"/>
                        </Record>
                        <Record Type="UI.DataField">
                            <PropertyValue Property="Value" Path="prdmmbtuUoM"/>
                        </Record>
                        <Record Type="UI.DataField">
                            <PropertyValue Property="Value" Path="Avgghv"/>
                        </Record>
                        <Record Type="UI.DataField">
                            <PropertyValue Property="Value" Path="avgghvUoM"/>
                        </Record>
                        <Record Type="UI.DataField">
                            <PropertyValue Property="Value" Path="AvgghvSales"/>
                        </Record>
                        <Record Type="UI.DataField">
                            <PropertyValue Property="Value" Path="avgghvSalesUoM"/>
                        </Record>
                        <Record Type="UI.DataField">
                            <PropertyValue Property="Value" Path="Propernom"/>
                        </Record>
                        <Record Type="UI.DataField">
                            <PropertyValue Property="Value" Path="propernomUoM"/>
                        </Record>
                        <Record Type="UI.DataField">
                            <PropertyValue Property="Value" Path="Correctednom"/>
                        </Record>
                        <Record Type="UI.DataField">
                            <PropertyValue Property="Value" Path="CorrectednomUoM"/>
                        </Record>
                        <Record Type="UI.DataField">
                            <PropertyValue Property="Value" Path="Sellshort"/>
                        </Record>
                        <Record Type="UI.DataField">
                            <PropertyValue Property="Value" Path="SellShortUoM"/>
                        </Record>
                        <Record Type="UI.DataField">
                            <PropertyValue Property="Value" Path="Quntmaint"/>
                        </Record>
                        <Record Type="UI.DataField">
                            <PropertyValue Property="Value" Path="QuntmaintUoM"/>
                        </Record>
                        <Record Type="UI.DataField">
                            <PropertyValue Property="Value" Path="Qunatfm"/>
                        </Record>
                        <Record Type="UI.DataField">
                            <PropertyValue Property="Value" Path="QunatfmUoM"/>
                        </Record>
                        <Record Type="UI.DataField">
                            <PropertyValue Property="Value" Path="Qunstoffspec"/>
                        </Record>
                        <Record Type="UI.DataField">
                            <PropertyValue Property="Value" Path="QunstoffspecUoM"/>
                        </Record>
                        <Record Type="UI.DataField">
                            <PropertyValue Property="Value" Path="Peakptime"/>
                        </Record>
                        <Record Type="UI.DataField">
                            <PropertyValue Property="Value" Path="Peakpressure"/>
                        </Record>
                        <Record Type="UI.DataField">
                            <PropertyValue Property="Value" Path="PeakpressureUoM"/>
                        </Record>
                        <Record Type="UI.DataField">
                            <PropertyValue Property="Value" Path="C1mole"/>
                        </Record>
                        <Record Type="UI.DataField">
                            <PropertyValue Property="Value" Path="C2mole"/>
                        </Record>
                        <Record Type="UI.DataField">
                            <PropertyValue Property="Value" Path="C3mole"/>
                        </Record>
                        <Record Type="UI.DataField">
                            <PropertyValue Property="Value" Path="C4mole"/>
                        </Record>
                        <Record Type="UI.DataField">
                            <PropertyValue Property="Value" Path="C5mole"/>
                        </Record>
                        <Record Type="UI.DataField">
                            <PropertyValue Property="Value" Path="C6mole"/>
                        </Record>
                        <Record Type="UI.DataField">
                            <PropertyValue Property="Value" Path="C7mole"/>
                        </Record>
                        <Record Type="UI.DataField">
                            <PropertyValue Property="Value" Path="C8mole"/>
                        </Record>
                        <Record Type="UI.DataField">
                            <PropertyValue Property="Value" Path="C9mole"/>
                        </Record>
                        <Record Type="UI.DataField">
                            <PropertyValue Property="Value" Path="N2mole"/>
                        </Record>
                        <Record Type="UI.DataField">
                            <PropertyValue Property="Value" Path="Co2mole"/>
                        </Record>
                        <Record Type="UI.DataField">
                            <PropertyValue Property="Value" Path="O2mole"/>
                        </Record>
                        <Record Type="UI.DataField">
                            <PropertyValue Property="Value" Path="Moleweight"/>
                        </Record>
                        <Record Type="UI.DataField">
                            <PropertyValue Property="Value" Path="Wobbeindex"/>
                        </Record>
                        <Record Type="UI.DataField">
                            <PropertyValue Property="Value" Path="WobbeindexUoM"/>
                        </Record>
                        <Record Type="UI.DataField">
                            <PropertyValue Property="Value" Path="H2sppm"/>
                        </Record>
                        <Record Type="UI.DataField">
                            <PropertyValue Property="Value" Path="Hcdew"/>
                        </Record>
                        <Record Type="UI.DataField">
                            <PropertyValue Property="Value" Path="H2odew"/>
                        </Record>
                        <Record Type="UI.DataField">
                            <PropertyValue Property="Value" Path="StatusDesc"/>
                        </Record>
                        <Record Type="UI.DataField">
                            <PropertyValue Property="Value" Path="Pstation1"/>
                        </Record>
                        <Record Type="UI.DataField">
                            <PropertyValue Property="Value" Path="Pstation2"/>
                        </Record>
                        <Record Type="UI.DataField">
                            <PropertyValue Property="Value" Path="Pstation3"/>
                        </Record>
                        <Record Type="UI.DataField">
                            <PropertyValue Property="Value" Path="Pstation4"/>
                        </Record>
                        <Record Type="UI.DataField">
                            <PropertyValue Property="Value" Path="ShortFall"/>
                        </Record>
                        <Record Type="UI.DataField">
                            <PropertyValue Property="Value" Path="ShortfallDesc"/>
                        </Record>
                        <Record Type="UI.DataField">
                            <PropertyValue Property="Value" Path="Prdboe"/>
                        </Record>
                        <Record Type="UI.DataField">
                            <PropertyValue Property="Value" Path="Prstatus"/>
                        </Record>
                    </Collection>
                </Annotation>
                <Annotation Term="UI.SelectionFields">
                    <Collection>
                        <PropertyPath>Vbeln</PropertyPath>
                        <PropertyPath>Zdate</PropertyPath>
                    </Collection>
                </Annotation>
            </Annotations>
        </Schema>
    </edmx:DataServices>
</edmx:Edmx>