<?xml version="1.0" encoding="utf-8"?>
<edmx:Edmx Version="1.0" xmlns:edmx="http://schemas.microsoft.com/ado/2007/06/edmx" xmlns:m="http://schemas.microsoft.com/ado/2007/08/dataservices/metadata" xmlns:sap="http://www.sap.com/Protocols/SAPData">
    <edmx:DataServices m:DataServiceVersion="2.0">
        <Schema Namespace="ZGW_UHAM_DAILY_PROD_MANAGEMENT_SRV" xml:lang="en" sap:schema-version="1" xmlns="http://schemas.microsoft.com/ado/2008/09/edm">
            <Annotation Term="Core.SchemaVersion" String="1.0.0" xmlns="http://docs.oasis-open.org/odata/ns/edm"/>
            <EntityType Name="HeadNet" sap:label="Header" sap:content-version="1">
                <Key>
                    <PropertyRef Name="ProdNet"/>
                    <PropertyRef Name="ExeDate"/>
                </Key>
                <Property Name="ProdNet" Type="Edm.String" Nullable="false" MaxLength="30" sap:unicode="false" sap:label="Functional loc." sap:creatable="false" sap:updatable="false" sap:sortable="false" sap:filterable="false"/>
                <Property Name="ExeDate" Type="Edm.DateTime" Nullable="false" Precision="0" sap:unicode="false" sap:label="Date" sap:creatable="false" sap:updatable="false" sap:sortable="false" sap:filterable="false"/>
                <NavigationProperty Name="Gas" Relationship="ZGW_UHAM_DAILY_PROD_MANAGEMENT_SRV.A_Head_Gas" FromRole="FromRole_A_Head_Gas" ToRole="ToRole_A_Head_Gas"/>
                <NavigationProperty Name="GasDel" Relationship="ZGW_UHAM_DAILY_PROD_MANAGEMENT_SRV.A_Head_GasDel" FromRole="FromRole_A_Head_GasDel" ToRole="ToRole_A_Head_GasDel"/>
                <NavigationProperty Name="AvgGasPQ" Relationship="ZGW_UHAM_DAILY_PROD_MANAGEMENT_SRV.A_Head_AvgGasPQ" FromRole="FromRole_A_Head_AvgGasPQ" ToRole="ToRole_A_Head_AvgGasPQ"/>
                <NavigationProperty Name="FLgas" Relationship="ZGW_UHAM_DAILY_PROD_MANAGEMENT_SRV.A_Head_FLgas" FromRole="FromRole_A_Head_FLgas" ToRole="ToRole_A_Head_FLgas"/>
                <NavigationProperty Name="GasNom" Relationship="ZGW_UHAM_DAILY_PROD_MANAGEMENT_SRV.A_Head_GasNom" FromRole="FromRole_A_Head_GasNom" ToRole="ToRole_A_Head_GasNom"/>
                <NavigationProperty Name="LiqProdQual" Relationship="ZGW_UHAM_DAILY_PROD_MANAGEMENT_SRV.A_Head_LiqPQ" FromRole="FromRole_A_Head_LiqPQ" ToRole="ToRole_A_Head_LiqPQ"/>
                <NavigationProperty Name="Liquids" Relationship="ZGW_UHAM_DAILY_PROD_MANAGEMENT_SRV.A_Head_Liq" FromRole="FromRole_A_Head_Liq" ToRole="ToRole_A_Head_Liq"/>
            </EntityType>
            <EntityType Name="GasDel" sap:content-version="1">
                <Key>
                    <PropertyRef Name="Tplnr"/>
                    <PropertyRef Name="ExeDate"/>
                </Key>
                <Property Name="Tplnr" Type="Edm.String" Nullable="false" MaxLength="30" sap:unicode="false" sap:label="Functional loc." sap:creatable="false" sap:updatable="false" sap:sortable="false" sap:filterable="false"/>
                <Property Name="ExeDate" Type="Edm.DateTime" Nullable="false" Precision="0" sap:unicode="false" sap:label="Date" sap:creatable="false" sap:updatable="false" sap:sortable="false" sap:filterable="false"/>
                <Property Name="Cryo1Del" Type="Edm.String" Nullable="false" MaxLength="20" sap:unicode="false" sap:label="Cryo1 Delivered" sap:creatable="false" sap:updatable="false" sap:sortable="false" sap:filterable="false"/>
                <Property Name="Cryo2Del" Type="Edm.String" Nullable="false" MaxLength="20" sap:unicode="false" sap:label="Cryo2 Delivered" sap:creatable="false" sap:updatable="false" sap:sortable="false" sap:filterable="false"/>
                <Property Name="EPFDel" Type="Edm.String" Nullable="false" MaxLength="20" sap:unicode="false" sap:label="EFP Delivered" sap:creatable="false" sap:updatable="false" sap:sortable="false" sap:filterable="false"/>
                <Property Name="BypDel" Type="Edm.String" Nullable="false" MaxLength="20" sap:unicode="false" sap:label="Bypass Delivered" sap:creatable="false" sap:updatable="false" sap:sortable="false" sap:filterable="false"/>
                <Property Name="TotDel" Type="Edm.String" Nullable="false" MaxLength="20" sap:unicode="false" sap:label="Total Delivered" sap:creatable="false" sap:updatable="false" sap:sortable="false" sap:filterable="false"/>
            </EntityType>
            <EntityType Name="Gas" sap:content-version="1">
                <Key>
                    <PropertyRef Name="Tplnr"/>
                    <PropertyRef Name="ExeDate"/>
                </Key>
                <Property Name="Tplnr" Type="Edm.String" Nullable="false" MaxLength="30" sap:unicode="false" sap:label="Functional loc." sap:creatable="false" sap:updatable="false" sap:sortable="false" sap:filterable="false"/>
                <Property Name="ExeDate" Type="Edm.DateTime" Nullable="false" Precision="0" sap:unicode="false" sap:label="Date" sap:creatable="false" sap:updatable="false" sap:sortable="false" sap:filterable="false"/>
                <Property Name="Cryo1in" Type="Edm.String" Nullable="false" MaxLength="20" sap:unicode="false" sap:creatable="false" sap:updatable="false" sap:sortable="false" sap:filterable="false"/>
                <Property Name="Cryo2in" Type="Edm.String" Nullable="false" MaxLength="20" sap:unicode="false" sap:creatable="false" sap:updatable="false" sap:sortable="false" sap:filterable="false"/>
            </EntityType>
            <EntityType Name="FLgas" sap:content-version="1">
                <Key>
                    <PropertyRef Name="Tplnr"/>
                    <PropertyRef Name="ExeDate"/>
                </Key>
                <Property Name="Tplnr" Type="Edm.String" Nullable="false" MaxLength="30" sap:unicode="false" sap:label="Functional loc." sap:creatable="false" sap:updatable="false" sap:sortable="false" sap:filterable="false"/>
                <Property Name="ExeDate" Type="Edm.DateTime" Nullable="false" Precision="0" sap:unicode="false" sap:label="Date" sap:creatable="false" sap:updatable="false" sap:sortable="false" sap:filterable="false"/>
                <Property Name="FlaredDel" Type="Edm.String" Nullable="false" MaxLength="20" sap:unicode="false" sap:label="Flared Gas Delivered" sap:creatable="false" sap:updatable="false" sap:sortable="false" sap:filterable="false"/>
            </EntityType>
            <EntityType Name="LiqProdQual" sap:content-version="1">
                <Key>
                    <PropertyRef Name="Tplnr"/>
                    <PropertyRef Name="ExeDate"/>
                </Key>
                <Property Name="Tplnr" Type="Edm.String" Nullable="false" MaxLength="30" sap:unicode="false" sap:label="Functional loc." sap:creatable="false" sap:updatable="false" sap:sortable="false" sap:filterable="false"/>
                <Property Name="ExeDate" Type="Edm.DateTime" Nullable="false" Precision="0" sap:unicode="false" sap:label="Date" sap:creatable="false" sap:updatable="false" sap:sortable="false" sap:filterable="false"/>
                <Property Name="C2LPG" Type="Edm.String" Nullable="false" MaxLength="20" sap:unicode="false" sap:label="C2" sap:creatable="false" sap:updatable="false" sap:sortable="false" sap:filterable="false"/>
                <Property Name="C3LPG" Type="Edm.String" Nullable="false" MaxLength="20" sap:unicode="false" sap:label="C3" sap:creatable="false" sap:updatable="false" sap:sortable="false" sap:filterable="false"/>
                <Property Name="C4LPG" Type="Edm.String" Nullable="false" MaxLength="20" sap:unicode="false" sap:label="C4" sap:creatable="false" sap:updatable="false" sap:sortable="false" sap:filterable="false"/>
                <Property Name="CondRVP" Type="Edm.String" Nullable="false" MaxLength="20" sap:unicode="false" sap:label="Condensate RVP" sap:creatable="false" sap:updatable="false" sap:sortable="false" sap:filterable="false"/>
            </EntityType>
            <EntityType Name="AvgGasPQ" sap:content-version="1">
                <Key>
                    <PropertyRef Name="Tplnr"/>
                    <PropertyRef Name="ExeDate"/>
                </Key>
                <Property Name="Tplnr" Type="Edm.String" Nullable="false" MaxLength="30" sap:unicode="false" sap:label="Functional loc." sap:creatable="false" sap:updatable="false" sap:sortable="false" sap:filterable="false"/>
                <Property Name="ExeDate" Type="Edm.DateTime" Nullable="false" Precision="0" sap:unicode="false" sap:label="Date" sap:creatable="false" sap:updatable="false" sap:sortable="false" sap:filterable="false"/>
                <Property Name="GHVCryo1" Type="Edm.String" Nullable="false" MaxLength="20" sap:unicode="false" sap:label="GHV Cryo1" sap:creatable="false" sap:updatable="false" sap:sortable="false" sap:filterable="false"/>
                <Property Name="GHVCryo2" Type="Edm.String" Nullable="false" MaxLength="20" sap:unicode="false" sap:label="GHV Cryo2" sap:creatable="false" sap:updatable="false" sap:sortable="false" sap:filterable="false"/>
                <Property Name="GHVEpf" Type="Edm.String" Nullable="false" MaxLength="20" sap:unicode="false" sap:label="GHV EPF" sap:creatable="false" sap:updatable="false" sap:sortable="false" sap:filterable="false"/>
                <Property Name="GHVCo" Type="Edm.String" Nullable="false" MaxLength="20" sap:unicode="false" sap:label="GHV Co-Mingled" sap:creatable="false" sap:updatable="false" sap:sortable="false" sap:filterable="false"/>
            </EntityType>
            <EntityType Name="GasNom" sap:content-version="1">
                <Key>
                    <PropertyRef Name="Tplnr"/>
                    <PropertyRef Name="ExeDate"/>
                </Key>
                <Property Name="Tplnr" Type="Edm.String" Nullable="false" MaxLength="30" sap:unicode="false" sap:label="Functional loc." sap:creatable="false" sap:updatable="false" sap:sortable="false" sap:filterable="false"/>
                <Property Name="ExeDate" Type="Edm.DateTime" Nullable="false" Precision="0" sap:unicode="false" sap:label="Date" sap:creatable="false" sap:updatable="false" sap:sortable="false" sap:filterable="false"/>
                <Property Name="GasNomn" Type="Edm.String" Nullable="false" MaxLength="20" sap:unicode="false" sap:label="Gas Nomination" sap:creatable="false" sap:updatable="false" sap:sortable="false" sap:filterable="false"/>
                <Property Name="CorGasNom" Type="Edm.String" Nullable="false" MaxLength="20" sap:unicode="false" sap:label="Corrected Gas Nomination" sap:creatable="false" sap:updatable="false" sap:sortable="false" sap:filterable="false"/>
            </EntityType>
            <EntityType Name="QueryNode" sap:content-version="1">
                <Key>
                    <PropertyRef Name="ProdNet"/>
                    <PropertyRef Name="ExeDate"/>
                </Key>
                <Property Name="ProdNet" Type="Edm.String" Nullable="false" MaxLength="30" sap:unicode="false" sap:label="Functional loc." sap:creatable="false" sap:updatable="false" sap:sortable="false" sap:filterable="false"/>
                <Property Name="ExeDate" Type="Edm.DateTime" Nullable="false" Precision="0" sap:unicode="false" sap:label="Date" sap:creatable="false" sap:updatable="false" sap:sortable="false" sap:filterable="false"/>
                <NavigationProperty Name="HeadNet" Relationship="ZGW_UHAM_DAILY_PROD_MANAGEMENT_SRV.A_Query_Head" FromRole="FromRole_A_Query_Head" ToRole="ToRole_A_Query_Head"/>
            </EntityType>
            <EntityType Name="Liquids" sap:content-version="1">
                <Key>
                    <PropertyRef Name="Tplnr"/>
                    <PropertyRef Name="ExeDate"/>
                </Key>
                <Property Name="Tplnr" Type="Edm.String" Nullable="false" MaxLength="30" sap:unicode="false" sap:label="Functional loc." sap:creatable="false" sap:updatable="false" sap:sortable="false" sap:filterable="false"/>
                <Property Name="ExeDate" Type="Edm.DateTime" Nullable="false" Precision="0" sap:unicode="false" sap:label="Date" sap:creatable="false" sap:updatable="false" sap:sortable="false" sap:filterable="false"/>
                <Property Name="LpgProd" Type="Edm.String" Nullable="false" MaxLength="20" sap:unicode="false" sap:label="LPG Production" sap:creatable="false" sap:updatable="false" sap:sortable="false" sap:filterable="false"/>
                <Property Name="LpgLift" Type="Edm.String" Nullable="false" MaxLength="20" sap:unicode="false" sap:label="LPG Lifted" sap:creatable="false" sap:updatable="false" sap:sortable="false" sap:filterable="false"/>
                <Property Name="LpgStor" Type="Edm.String" Nullable="false" MaxLength="20" sap:unicode="false" sap:label="LPG Stored" sap:creatable="false" sap:updatable="false" sap:sortable="false" sap:filterable="false"/>
                <Property Name="CondProd" Type="Edm.String" Nullable="false" MaxLength="20" sap:unicode="false" sap:label="Cond Produced" sap:creatable="false" sap:updatable="false" sap:sortable="false" sap:filterable="false"/>
                <Property Name="CondLift" Type="Edm.String" Nullable="false" MaxLength="20" sap:unicode="false" sap:label="Cond Lifted" sap:creatable="false" sap:updatable="false" sap:sortable="false" sap:filterable="false"/>
                <Property Name="CondStor" Type="Edm.String" Nullable="false" MaxLength="20" sap:unicode="false" sap:label="Cond Stored" sap:creatable="false" sap:updatable="false" sap:sortable="false" sap:filterable="false"/>
            </EntityType>
            <EntityType Name="LogoNode" sap:content-version="1">
                <Key>
                    <PropertyRef Name="Logo1Image"/>
                    <PropertyRef Name="Logo2Image"/>
                </Key>
                <Property Name="Logo1Image" Type="Edm.Binary" Nullable="false" sap:unicode="false" sap:label="LOGO1_IMAGE" sap:creatable="false" sap:updatable="false" sap:sortable="false" sap:filterable="false"/>
                <Property Name="Logo2Image" Type="Edm.Binary" Nullable="false" sap:unicode="false" sap:label="LOGO2_IMAGE" sap:creatable="false" sap:updatable="false" sap:sortable="false" sap:filterable="false"/>
            </EntityType>
            <EntityType Name="ExpPress" sap:content-version="1">
                <Key>
                    <PropertyRef Name="Tplnr"/>
                    <PropertyRef Name="ExeDate"/>
                </Key>
                <Property Name="Tplnr" Type="Edm.String" Nullable="false" MaxLength="30" sap:unicode="false" sap:label="Functional loc." sap:creatable="false" sap:updatable="false" sap:sortable="false" sap:filterable="false"/>
                <Property Name="ExeDate" Type="Edm.DateTime" Nullable="false" Precision="0" sap:unicode="false" sap:label="Date" sap:creatable="false" sap:updatable="false" sap:sortable="false" sap:filterable="false"/>
                <Property Name="Exced_57" Type="Edm.String" Nullable="false" MaxLength="20" sap:unicode="false" sap:label="Exced_57" sap:creatable="false" sap:updatable="false" sap:sortable="false" sap:filterable="false"/>
                <Property Name="Notif_Hop" Type="Edm.String" Nullable="false" MaxLength="20" sap:unicode="false" sap:label="Notified_Hop" sap:creatable="false" sap:updatable="false" sap:sortable="false" sap:filterable="false"/>
                <Property Name="Nom_Adj" Type="Edm.String" Nullable="false" MaxLength="20" sap:unicode="false" sap:label="Nom_Adj" sap:creatable="false" sap:updatable="false" sap:sortable="false" sap:filterable="false"/>
            </EntityType>
            <Association Name="A_Head_Gas" sap:content-version="1">
                <End Type="ZGW_UHAM_DAILY_PROD_MANAGEMENT_SRV.HeadNet" Multiplicity="1" Role="FromRole_A_Head_Gas"/>
                <End Type="ZGW_UHAM_DAILY_PROD_MANAGEMENT_SRV.Gas" Multiplicity="1" Role="ToRole_A_Head_Gas"/>
                <ReferentialConstraint>
                    <Principal Role="FromRole_A_Head_Gas">
                        <PropertyRef Name="ProdNet"/>
                        <PropertyRef Name="ExeDate"/>
                    </Principal>
                    <Dependent Role="ToRole_A_Head_Gas">
                        <PropertyRef Name="Tplnr"/>
                        <PropertyRef Name="ExeDate"/>
                    </Dependent>
                </ReferentialConstraint>
            </Association>
            <Association Name="A_Head_GasDel" sap:content-version="1">
                <End Type="ZGW_UHAM_DAILY_PROD_MANAGEMENT_SRV.HeadNet" Multiplicity="1" Role="FromRole_A_Head_GasDel"/>
                <End Type="ZGW_UHAM_DAILY_PROD_MANAGEMENT_SRV.GasDel" Multiplicity="1" Role="ToRole_A_Head_GasDel"/>
                <ReferentialConstraint>
                    <Principal Role="FromRole_A_Head_GasDel">
                        <PropertyRef Name="ProdNet"/>
                        <PropertyRef Name="ExeDate"/>
                    </Principal>
                    <Dependent Role="ToRole_A_Head_GasDel">
                        <PropertyRef Name="Tplnr"/>
                        <PropertyRef Name="ExeDate"/>
                    </Dependent>
                </ReferentialConstraint>
            </Association>
            <Association Name="A_Head_AvgGasPQ" sap:content-version="1">
                <End Type="ZGW_UHAM_DAILY_PROD_MANAGEMENT_SRV.HeadNet" Multiplicity="1" Role="FromRole_A_Head_AvgGasPQ"/>
                <End Type="ZGW_UHAM_DAILY_PROD_MANAGEMENT_SRV.AvgGasPQ" Multiplicity="1" Role="ToRole_A_Head_AvgGasPQ"/>
                <ReferentialConstraint>
                    <Principal Role="FromRole_A_Head_AvgGasPQ">
                        <PropertyRef Name="ExeDate"/>
                        <PropertyRef Name="ProdNet"/>
                    </Principal>
                    <Dependent Role="ToRole_A_Head_AvgGasPQ">
                        <PropertyRef Name="ExeDate"/>
                        <PropertyRef Name="Tplnr"/>
                    </Dependent>
                </ReferentialConstraint>
            </Association>
            <Association Name="A_Head_FLgas" sap:content-version="1">
                <End Type="ZGW_UHAM_DAILY_PROD_MANAGEMENT_SRV.HeadNet" Multiplicity="1" Role="FromRole_A_Head_FLgas"/>
                <End Type="ZGW_UHAM_DAILY_PROD_MANAGEMENT_SRV.FLgas" Multiplicity="1" Role="ToRole_A_Head_FLgas"/>
                <ReferentialConstraint>
                    <Principal Role="FromRole_A_Head_FLgas">
                        <PropertyRef Name="ExeDate"/>
                        <PropertyRef Name="ProdNet"/>
                    </Principal>
                    <Dependent Role="ToRole_A_Head_FLgas">
                        <PropertyRef Name="ExeDate"/>
                        <PropertyRef Name="Tplnr"/>
                    </Dependent>
                </ReferentialConstraint>
            </Association>
            <Association Name="A_Head_GasNom" sap:content-version="1">
                <End Type="ZGW_UHAM_DAILY_PROD_MANAGEMENT_SRV.HeadNet" Multiplicity="1" Role="FromRole_A_Head_GasNom"/>
                <End Type="ZGW_UHAM_DAILY_PROD_MANAGEMENT_SRV.GasNom" Multiplicity="1" Role="ToRole_A_Head_GasNom"/>
                <ReferentialConstraint>
                    <Principal Role="FromRole_A_Head_GasNom">
                        <PropertyRef Name="ExeDate"/>
                        <PropertyRef Name="ProdNet"/>
                    </Principal>
                    <Dependent Role="ToRole_A_Head_GasNom">
                        <PropertyRef Name="ExeDate"/>
                        <PropertyRef Name="Tplnr"/>
                    </Dependent>
                </ReferentialConstraint>
            </Association>
            <Association Name="A_Head_LiqPQ" sap:content-version="1">
                <End Type="ZGW_UHAM_DAILY_PROD_MANAGEMENT_SRV.HeadNet" Multiplicity="1" Role="FromRole_A_Head_LiqPQ"/>
                <End Type="ZGW_UHAM_DAILY_PROD_MANAGEMENT_SRV.LiqProdQual" Multiplicity="1" Role="ToRole_A_Head_LiqPQ"/>
                <ReferentialConstraint>
                    <Principal Role="FromRole_A_Head_LiqPQ">
                        <PropertyRef Name="ExeDate"/>
                        <PropertyRef Name="ProdNet"/>
                    </Principal>
                    <Dependent Role="ToRole_A_Head_LiqPQ">
                        <PropertyRef Name="ExeDate"/>
                        <PropertyRef Name="Tplnr"/>
                    </Dependent>
                </ReferentialConstraint>
            </Association>
            <Association Name="A_Head_Liq" sap:content-version="1">
                <End Type="ZGW_UHAM_DAILY_PROD_MANAGEMENT_SRV.HeadNet" Multiplicity="1" Role="FromRole_A_Head_Liq"/>
                <End Type="ZGW_UHAM_DAILY_PROD_MANAGEMENT_SRV.Liquids" Multiplicity="1" Role="ToRole_A_Head_Liq"/>
                <ReferentialConstraint>
                    <Principal Role="FromRole_A_Head_Liq">
                        <PropertyRef Name="ExeDate"/>
                        <PropertyRef Name="ProdNet"/>
                    </Principal>
                    <Dependent Role="ToRole_A_Head_Liq">
                        <PropertyRef Name="ExeDate"/>
                        <PropertyRef Name="Tplnr"/>
                    </Dependent>
                </ReferentialConstraint>
            </Association>
            <Association Name="A_Query_Logo" sap:content-version="1">
                <End Type="ZGW_UHAM_DAILY_PROD_MANAGEMENT_SRV.HeadNet" Multiplicity="1" Role="FromRole_A_Query_Logo"/>
                <End Type="ZGW_UHAM_DAILY_PROD_MANAGEMENT_SRV.LogoNode" Multiplicity="1" Role="ToRole_A_Query_Logo"/>
            </Association>
            <Association Name="A_Query_Head" sap:content-version="1">
                <End Type="ZGW_UHAM_DAILY_PROD_MANAGEMENT_SRV.QueryNode" Multiplicity="1" Role="FromRole_A_Query_Head"/>
                <End Type="ZGW_UHAM_DAILY_PROD_MANAGEMENT_SRV.HeadNet" Multiplicity="1" Role="ToRole_A_Query_Head"/>
                <ReferentialConstraint>
                    <Principal Role="FromRole_A_Query_Head">
                        <PropertyRef Name="ExeDate"/>
                        <PropertyRef Name="ProdNet"/>
                    </Principal>
                    <Dependent Role="ToRole_A_Query_Head">
                        <PropertyRef Name="ExeDate"/>
                        <PropertyRef Name="ProdNet"/>
                    </Dependent>
                </ReferentialConstraint>
            </Association>
            <EntityContainer Name="ZGW_UHAM_DAILY_PROD_MANAGEMENT_SRV_Entities" m:IsDefaultEntityContainer="true" sap:supported-formats="atom json xlsx">
                <EntitySet Name="HeadNetSet" EntityType="ZGW_UHAM_DAILY_PROD_MANAGEMENT_SRV.HeadNet" sap:creatable="false" sap:updatable="false" sap:deletable="false" sap:pageable="false" sap:addressable="false" sap:content-version="1"/>
                <EntitySet Name="GasDelSet" EntityType="ZGW_UHAM_DAILY_PROD_MANAGEMENT_SRV.GasDel" sap:creatable="false" sap:updatable="false" sap:deletable="false" sap:pageable="false" sap:addressable="false" sap:content-version="1"/>
                <EntitySet Name="GasSet" EntityType="ZGW_UHAM_DAILY_PROD_MANAGEMENT_SRV.Gas" sap:creatable="false" sap:updatable="false" sap:deletable="false" sap:pageable="false" sap:addressable="false" sap:content-version="1"/>
                <EntitySet Name="FLgasSet" EntityType="ZGW_UHAM_DAILY_PROD_MANAGEMENT_SRV.FLgas" sap:creatable="false" sap:updatable="false" sap:deletable="false" sap:pageable="false" sap:addressable="false" sap:content-version="1"/>
                <EntitySet Name="LiqProdQualSet" EntityType="ZGW_UHAM_DAILY_PROD_MANAGEMENT_SRV.LiqProdQual" sap:creatable="false" sap:updatable="false" sap:deletable="false" sap:pageable="false" sap:addressable="false" sap:content-version="1"/>
                <EntitySet Name="AvgGasPQSet" EntityType="ZGW_UHAM_DAILY_PROD_MANAGEMENT_SRV.AvgGasPQ" sap:creatable="false" sap:updatable="false" sap:deletable="false" sap:pageable="false" sap:addressable="false" sap:content-version="1"/>
                <EntitySet Name="GasNomSet" EntityType="ZGW_UHAM_DAILY_PROD_MANAGEMENT_SRV.GasNom" sap:creatable="false" sap:updatable="false" sap:deletable="false" sap:pageable="false" sap:addressable="false" sap:content-version="1"/>
                <EntitySet Name="QueryNodeSet" EntityType="ZGW_UHAM_DAILY_PROD_MANAGEMENT_SRV.QueryNode" sap:creatable="false" sap:updatable="false" sap:deletable="false" sap:pageable="false" sap:addressable="false" sap:content-version="1"/>
                <EntitySet Name="LiquidsSet" EntityType="ZGW_UHAM_DAILY_PROD_MANAGEMENT_SRV.Liquids" sap:creatable="false" sap:updatable="false" sap:deletable="false" sap:pageable="false" sap:addressable="false" sap:content-version="1"/>
                <EntitySet Name="LogoNodeSet" EntityType="ZGW_UHAM_DAILY_PROD_MANAGEMENT_SRV.LogoNode" sap:creatable="false" sap:updatable="false" sap:deletable="false" sap:pageable="false" sap:addressable="false" sap:content-version="1"/>
                <EntitySet Name="ExpPressSet" EntityType="ZGW_UHAM_DAILY_PROD_MANAGEMENT_SRV.ExpPress" sap:creatable="false" sap:updatable="false" sap:deletable="false" sap:pageable="false" sap:addressable="false" sap:content-version="1"/>
                <AssociationSet Name="A_Head_AvgGasPQSet" Association="ZGW_UHAM_DAILY_PROD_MANAGEMENT_SRV.A_Head_AvgGasPQ" sap:creatable="false" sap:updatable="false" sap:deletable="false" sap:content-version="1">
                    <End EntitySet="HeadNetSet" Role="FromRole_A_Head_AvgGasPQ"/>
                    <End EntitySet="AvgGasPQSet" Role="ToRole_A_Head_AvgGasPQ"/>
                </AssociationSet>
                <AssociationSet Name="A_Query_LogoSet" Association="ZGW_UHAM_DAILY_PROD_MANAGEMENT_SRV.A_Query_Logo" sap:creatable="false" sap:updatable="false" sap:deletable="false" sap:content-version="1">
                    <End EntitySet="HeadNetSet" Role="FromRole_A_Query_Logo"/>
                    <End EntitySet="LogoNodeSet" Role="ToRole_A_Query_Logo"/>
                </AssociationSet>
                <AssociationSet Name="A_Query_HeadSet" Association="ZGW_UHAM_DAILY_PROD_MANAGEMENT_SRV.A_Query_Head" sap:creatable="false" sap:updatable="false" sap:deletable="false" sap:content-version="1">
                    <End EntitySet="QueryNodeSet" Role="FromRole_A_Query_Head"/>
                    <End EntitySet="HeadNetSet" Role="ToRole_A_Query_Head"/>
                </AssociationSet>
                <AssociationSet Name="A_Head_LiqPQSet" Association="ZGW_UHAM_DAILY_PROD_MANAGEMENT_SRV.A_Head_LiqPQ" sap:creatable="false" sap:updatable="false" sap:deletable="false" sap:content-version="1">
                    <End EntitySet="HeadNetSet" Role="FromRole_A_Head_LiqPQ"/>
                    <End EntitySet="LiqProdQualSet" Role="ToRole_A_Head_LiqPQ"/>
                </AssociationSet>
                <AssociationSet Name="A_Head_LiqSet" Association="ZGW_UHAM_DAILY_PROD_MANAGEMENT_SRV.A_Head_Liq" sap:creatable="false" sap:updatable="false" sap:deletable="false" sap:content-version="1">
                    <End EntitySet="HeadNetSet" Role="FromRole_A_Head_Liq"/>
                    <End EntitySet="LiquidsSet" Role="ToRole_A_Head_Liq"/>
                </AssociationSet>
                <AssociationSet Name="A_Head_GasDelSet" Association="ZGW_UHAM_DAILY_PROD_MANAGEMENT_SRV.A_Head_GasDel" sap:creatable="false" sap:updatable="false" sap:deletable="false" sap:content-version="1">
                    <End EntitySet="HeadNetSet" Role="FromRole_A_Head_GasDel"/>
                    <End EntitySet="GasDelSet" Role="ToRole_A_Head_GasDel"/>
                </AssociationSet>
                <AssociationSet Name="A_Head_FLgasSet" Association="ZGW_UHAM_DAILY_PROD_MANAGEMENT_SRV.A_Head_FLgas" sap:creatable="false" sap:updatable="false" sap:deletable="false" sap:content-version="1">
                    <End EntitySet="HeadNetSet" Role="FromRole_A_Head_FLgas"/>
                    <End EntitySet="FLgasSet" Role="ToRole_A_Head_FLgas"/>
                </AssociationSet>
                <AssociationSet Name="A_Head_GasSet" Association="ZGW_UHAM_DAILY_PROD_MANAGEMENT_SRV.A_Head_Gas" sap:creatable="false" sap:updatable="false" sap:deletable="false" sap:content-version="1">
                    <End EntitySet="HeadNetSet" Role="FromRole_A_Head_Gas"/>
                    <End EntitySet="GasSet" Role="ToRole_A_Head_Gas"/>
                </AssociationSet>
                <AssociationSet Name="A_Head_GasNomSet" Association="ZGW_UHAM_DAILY_PROD_MANAGEMENT_SRV.A_Head_GasNom" sap:creatable="false" sap:updatable="false" sap:deletable="false" sap:content-version="1">
                    <End EntitySet="HeadNetSet" Role="FromRole_A_Head_GasNom"/>
                    <End EntitySet="GasNomSet" Role="ToRole_A_Head_GasNom"/>
                </AssociationSet>
            </EntityContainer>
            <atom:link rel="self" href="http://crsdevdfmap.crescenterp.local:8000/sap/opu/odata/sap/ZGW_UHAM_DAILY_PROD_MANAGEMENT_SRV/$metadata" xmlns:atom="http://www.w3.org/2005/Atom"/>
            <atom:link rel="latest-version" href="http://crsdevdfmap.crescenterp.local:8000/sap/opu/odata/sap/ZGW_UHAM_DAILY_PROD_MANAGEMENT_SRV/$metadata" xmlns:atom="http://www.w3.org/2005/Atom"/>
        </Schema>
    </edmx:DataServices>
</edmx:Edmx>