<?xml version="1.0" encoding="utf-8"?>
<edmx:Edmx Version="1.0" xmlns:edmx="http://schemas.microsoft.com/ado/2007/06/edmx" xmlns:m="http://schemas.microsoft.com/ado/2007/08/dataservices/metadata" xmlns:sap="http://www.sap.com/Protocols/SAPData">
    <edmx:Reference Uri="./sap/opu/odata/iwfnd/catalogservice;v=2/Vocabularies(TechnicalName='%2FIWBEP%2FVOC_AGGREGATION',Version='0001',SAP__Origin='')/$value" xmlns:edmx="http://docs.oasis-open.org/odata/ns/edmx">
        <edmx:Include Namespace="Org.OData.Aggregation.V1" Alias="Aggregation"/>
    </edmx:Reference>
    <edmx:Reference Uri="./sap/opu/odata/iwfnd/catalogservice;v=2/Vocabularies(TechnicalName='%2FIWBEP%2FVOC_ANALYTICS',Version='0001',SAP__Origin='')/$value" xmlns:edmx="http://docs.oasis-open.org/odata/ns/edmx">
        <edmx:Include Namespace="com.sap.vocabularies.Analytics.v1" Alias="Analytics"/>
    </edmx:Reference>
    <edmx:Reference Uri="./sap/opu/odata/iwfnd/catalogservice;v=2/Vocabularies(TechnicalName='%2FIWBEP%2FVOC_CAPABILITIES',Version='0001',SAP__Origin='')/$value" xmlns:edmx="http://docs.oasis-open.org/odata/ns/edmx">
        <edmx:Include Namespace="Org.OData.Capabilities.V1" Alias="Capabilities"/>
    </edmx:Reference>
    <edmx:Reference Uri="./sap/opu/odata/iwfnd/catalogservice;v=2/Vocabularies(TechnicalName='%2FIWBEP%2FVOC_CODELIST',Version='0001',SAP__Origin='')/$value" xmlns:edmx="http://docs.oasis-open.org/odata/ns/edmx">
        <edmx:Include Namespace="com.sap.vocabularies.CodeList.v1" Alias="SAP__CodeList"/>
    </edmx:Reference>
    <edmx:Reference Uri="./sap/opu/odata/iwfnd/catalogservice;v=2/Vocabularies(TechnicalName='%2FIWBEP%2FVOC_COMMON',Version='0001',SAP__Origin='')/$value" xmlns:edmx="http://docs.oasis-open.org/odata/ns/edmx">
        <edmx:Include Namespace="com.sap.vocabularies.Common.v1" Alias="Common"/>
        <edmx:Include Namespace="com.sap.vocabularies.Common.v1" Alias="SAP__common"/>
    </edmx:Reference>
    <edmx:Reference Uri="./sap/opu/odata/iwfnd/catalogservice;v=2/Vocabularies(TechnicalName='%2FIWBEP%2FVOC_COMMUNICATION',Version='0001',SAP__Origin='')/$value" xmlns:edmx="http://docs.oasis-open.org/odata/ns/edmx">
        <edmx:Include Namespace="com.sap.vocabularies.Communication.v1" Alias="Communication"/>
    </edmx:Reference>
    <edmx:Reference Uri="./sap/opu/odata/iwfnd/catalogservice;v=2/Vocabularies(TechnicalName='%2FIWBEP%2FVOC_CORE',Version='0001',SAP__Origin='')/$value" xmlns:edmx="http://docs.oasis-open.org/odata/ns/edmx">
        <edmx:Include Namespace="Org.OData.Core.V1" Alias="SAP__core"/>
    </edmx:Reference>
    <edmx:Reference Uri="./sap/opu/odata/iwfnd/catalogservice;v=2/Vocabularies(TechnicalName='%2FIWBEP%2FVOC_MEASURES',Version='0001',SAP__Origin='')/$value" xmlns:edmx="http://docs.oasis-open.org/odata/ns/edmx">
        <edmx:Include Namespace="Org.OData.Measures.V1" Alias="Measures"/>
    </edmx:Reference>
    <edmx:Reference Uri="./sap/opu/odata/iwfnd/catalogservice;v=2/Vocabularies(TechnicalName='%2FIWBEP%2FVOC_PDF',Version='0001',SAP__Origin='')/$value" xmlns:edmx="http://docs.oasis-open.org/odata/ns/edmx">
        <edmx:Include Namespace="com.sap.vocabularies.PDF.v1" Alias="SAP__PDF"/>
    </edmx:Reference>
    <edmx:Reference Uri="./sap/opu/odata/iwfnd/catalogservice;v=2/Vocabularies(TechnicalName='%2FIWBEP%2FVOC_PERSONALDATA',Version='0001',SAP__Origin='')/$value" xmlns:edmx="http://docs.oasis-open.org/odata/ns/edmx">
        <edmx:Include Namespace="com.sap.vocabularies.PersonalData.v1" Alias="PersonalData"/>
    </edmx:Reference>
    <edmx:Reference Uri="./sap/opu/odata/iwfnd/catalogservice;v=2/Vocabularies(TechnicalName='%2FIWBEP%2FVOC_UI',Version='0001',SAP__Origin='')/$value" xmlns:edmx="http://docs.oasis-open.org/odata/ns/edmx">
        <edmx:Include Namespace="com.sap.vocabularies.UI.v1" Alias="UI"/>
    </edmx:Reference>
    <edmx:Reference Uri="./sap/opu/odata/iwfnd/catalogservice;v=2/Vocabularies(TechnicalName='%2FIWBEP%2FVOC_VALIDATION',Version='0001',SAP__Origin='')/$value" xmlns:edmx="http://docs.oasis-open.org/odata/ns/edmx">
        <edmx:Include Namespace="Org.OData.Validation.V1" Alias="Validation"/>
    </edmx:Reference>
    <edmx:Reference Uri="./sap/opu/odata/iwfnd/catalogservice;v=2/Vocabularies(TechnicalName='SAP__SELF',Version='0001',SAP__Origin='')/$value" xmlns:edmx="http://docs.oasis-open.org/odata/ns/edmx">
        <edmx:Include Namespace="com.sap.vocabularies.PDF.v1" Alias="SAP__PDF"/>
    </edmx:Reference>
    <edmx:DataServices m:DataServiceVersion="2.0">
        <Schema Namespace="cds_zsd_log_gasprodrep_yearly" xml:lang="en" sap:schema-version="1" xmlns="http://schemas.microsoft.com/ado/2008/09/edm">
            <Annotation Term="Core.SchemaVersion" String="1.0.0" xmlns="http://docs.oasis-open.org/odata/ns/edm"/>
            <EntityType Name="Print2Type" sap:label="Print Report for Gas APR" sap:content-version="1">
                <Key>
                    <PropertyRef Name="p_contract"/>
                    <PropertyRef Name="p_year"/>
                    <PropertyRef Name="stream_data"/>
                </Key>
                <Property Name="p_contract" Type="Edm.String" Nullable="false" MaxLength="10" sap:display-format="UpperCase" sap:label="SD Document"/>
                <Property Name="p_year" Type="Edm.String" Nullable="false" MaxLength="4" sap:display-format="NonNegative" sap:label="Fiscal Year"/>
                <Property Name="stream_data" Type="Edm.Binary" Nullable="false" sap:label="PDF Raw Data" sap:quickinfo="PDF Raw string"/>
                <NavigationProperty Name="Parameters" Relationship="cds_zsd_log_gasprodrep_yearly.assoc_86508CADFC8603FF9E50493A06D4BD59" FromRole="ToRole_assoc_86508CADFC8603FF9E50493A06D4BD59" ToRole="FromRole_assoc_86508CADFC8603FF9E50493A06D4BD59" sap:filterable="false"/>
            </EntityType>
            <EntityType Name="Print2Parameters" sap:semantics="parameters" sap:content-version="1">
                <Key>
                    <PropertyRef Name="p_contract"/>
                    <PropertyRef Name="p_year"/>
                </Key>
                <Property Name="p_contract" Type="Edm.String" Nullable="false" MaxLength="10" sap:display-format="UpperCase" sap:parameter="mandatory" sap:label="SD Document" sap:creatable="false" sap:updatable="false" sap:sortable="false" sap:filterable="false"/>
                <Property Name="p_year" Type="Edm.String" Nullable="false" MaxLength="4" sap:display-format="NonNegative" sap:parameter="mandatory" sap:label="Fiscal Year" sap:creatable="false" sap:updatable="false" sap:sortable="false" sap:filterable="false"/>
                <NavigationProperty Name="Set" Relationship="cds_zsd_log_gasprodrep_yearly.assoc_86508CADFC8603FF9E50493A06D4BD59" FromRole="FromRole_assoc_86508CADFC8603FF9E50493A06D4BD59" ToRole="ToRole_assoc_86508CADFC8603FF9E50493A06D4BD59"/>
            </EntityType>
            <EntityType Name="GenerateType" sap:label="Custom entity for Generate Action" sap:content-version="1">
                <Key>
                    <PropertyRef Name="p_contract"/>
                    <PropertyRef Name="p_year"/>
                    <PropertyRef Name="Contract"/>
                </Key>
                <Property Name="p_contract" Type="Edm.String" Nullable="false" MaxLength="10" sap:display-format="UpperCase" sap:label="SD Document"/>
                <Property Name="p_year" Type="Edm.String" Nullable="false" MaxLength="4" sap:display-format="NonNegative" sap:label="Fiscal Year"/>
                <Property Name="Contract" Type="Edm.String" Nullable="false" MaxLength="10" sap:display-format="UpperCase" sap:label="SD Document" sap:quickinfo="Sales and Distribution Document Number"/>
                <Property Name="Zyear" Type="Edm.String" MaxLength="4" sap:display-format="NonNegative" sap:label="Fiscal Year"/>
                <Property Name="PrStatus" Type="Edm.String" MaxLength="1" sap:display-format="UpperCase" sap:label="PR Status" sap:quickinfo="Production Report Status"/>
                <Property Name="msgty" Type="Edm.String" MaxLength="1" sap:display-format="UpperCase" sap:label="Message Type" sap:quickinfo="ABAP System Field: Message Type"/>
                <Property Name="msg" Type="Edm.String" MaxLength="100" sap:display-format="UpperCase" sap:label="Character 100" sap:heading=""/>
                <NavigationProperty Name="Parameters" Relationship="cds_zsd_log_gasprodrep_yearly.assoc_648B67DB387B53B739D2FB4C2BC06007" FromRole="ToRole_assoc_648B67DB387B53B739D2FB4C2BC06007" ToRole="FromRole_assoc_648B67DB387B53B739D2FB4C2BC06007" sap:filterable="false"/>
            </EntityType>
            <EntityType Name="GenerateParameters" sap:semantics="parameters" sap:content-version="1">
                <Key>
                    <PropertyRef Name="p_contract"/>
                    <PropertyRef Name="p_year"/>
                </Key>
                <Property Name="p_contract" Type="Edm.String" Nullable="false" MaxLength="10" sap:display-format="UpperCase" sap:parameter="mandatory" sap:label="SD Document" sap:creatable="false" sap:updatable="false" sap:sortable="false" sap:filterable="false"/>
                <Property Name="p_year" Type="Edm.String" Nullable="false" MaxLength="4" sap:display-format="NonNegative" sap:parameter="mandatory" sap:label="Fiscal Year" sap:creatable="false" sap:updatable="false" sap:sortable="false" sap:filterable="false"/>
                <NavigationProperty Name="Set" Relationship="cds_zsd_log_gasprodrep_yearly.assoc_648B67DB387B53B739D2FB4C2BC06007" FromRole="FromRole_assoc_648B67DB387B53B739D2FB4C2BC06007" ToRole="ToRole_assoc_648B67DB387B53B739D2FB4C2BC06007"/>
            </EntityType>
            <EntityType Name="Print1Type" sap:label="Print Report for Gas APR" sap:content-version="1">
                <Key>
                    <PropertyRef Name="p_contract"/>
                    <PropertyRef Name="p_year"/>
                    <PropertyRef Name="stream_data"/>
                </Key>
                <Property Name="p_contract" Type="Edm.String" Nullable="false" MaxLength="10" sap:display-format="UpperCase" sap:label="SD Document"/>
                <Property Name="p_year" Type="Edm.String" Nullable="false" MaxLength="4" sap:display-format="NonNegative" sap:label="Fiscal Year"/>
                <Property Name="stream_data" Type="Edm.Binary" Nullable="false" sap:label="PDF Raw Data" sap:quickinfo="PDF Raw string"/>
                <NavigationProperty Name="Parameters" Relationship="cds_zsd_log_gasprodrep_yearly.assoc_7DCE9D232CC8575DAF5E97A973F48C81" FromRole="ToRole_assoc_7DCE9D232CC8575DAF5E97A973F48C81" ToRole="FromRole_assoc_7DCE9D232CC8575DAF5E97A973F48C81" sap:filterable="false"/>
            </EntityType>
            <EntityType Name="Print1Parameters" sap:semantics="parameters" sap:content-version="1">
                <Key>
                    <PropertyRef Name="p_contract"/>
                    <PropertyRef Name="p_year"/>
                </Key>
                <Property Name="p_contract" Type="Edm.String" Nullable="false" MaxLength="10" sap:display-format="UpperCase" sap:parameter="mandatory" sap:label="SD Document" sap:creatable="false" sap:updatable="false" sap:sortable="false" sap:filterable="false"/>
                <Property Name="p_year" Type="Edm.String" Nullable="false" MaxLength="4" sap:display-format="NonNegative" sap:parameter="mandatory" sap:label="Fiscal Year" sap:creatable="false" sap:updatable="false" sap:sortable="false" sap:filterable="false"/>
                <NavigationProperty Name="Set" Relationship="cds_zsd_log_gasprodrep_yearly.assoc_7DCE9D232CC8575DAF5E97A973F48C81" FromRole="FromRole_assoc_7DCE9D232CC8575DAF5E97A973F48C81" ToRole="ToRole_assoc_7DCE9D232CC8575DAF5E97A973F48C81"/>
            </EntityType>
            <EntityType Name="reviseType" sap:label="Custom entity to Revise Sales APR" sap:content-version="1">
                <Key>
                    <PropertyRef Name="p_contract"/>
                    <PropertyRef Name="p_year"/>
                    <PropertyRef Name="Contract"/>
                </Key>
                <Property Name="p_contract" Type="Edm.String" Nullable="false" MaxLength="10" sap:display-format="UpperCase" sap:label="SD Document"/>
                <Property Name="p_year" Type="Edm.String" Nullable="false" MaxLength="4" sap:display-format="NonNegative" sap:label="Fiscal Year"/>
                <Property Name="Contract" Type="Edm.String" Nullable="false" MaxLength="10" sap:display-format="UpperCase" sap:label="SD Document" sap:quickinfo="Sales and Distribution Document Number"/>
                <Property Name="Zyear" Type="Edm.String" MaxLength="4" sap:display-format="NonNegative" sap:label="Fiscal Year"/>
                <Property Name="PrStatus" Type="Edm.String" MaxLength="1" sap:display-format="UpperCase" sap:label="PR Status" sap:quickinfo="Production Report Status"/>
                <Property Name="msgty" Type="Edm.String" MaxLength="1" sap:display-format="UpperCase" sap:label="Message Type" sap:quickinfo="ABAP System Field: Message Type"/>
                <Property Name="msg" Type="Edm.String" MaxLength="100" sap:display-format="UpperCase" sap:label="Character 100" sap:heading=""/>
                <NavigationProperty Name="Parameters" Relationship="cds_zsd_log_gasprodrep_yearly.assoc_D3995CEE90E8F2EEF339C959901B2497" FromRole="ToRole_assoc_D3995CEE90E8F2EEF339C959901B2497" ToRole="FromRole_assoc_D3995CEE90E8F2EEF339C959901B2497" sap:filterable="false"/>
            </EntityType>
            <EntityType Name="reviseParameters" sap:semantics="parameters" sap:content-version="1">
                <Key>
                    <PropertyRef Name="p_contract"/>
                    <PropertyRef Name="p_year"/>
                </Key>
                <Property Name="p_contract" Type="Edm.String" Nullable="false" MaxLength="10" sap:display-format="UpperCase" sap:parameter="mandatory" sap:label="SD Document" sap:creatable="false" sap:updatable="false" sap:sortable="false" sap:filterable="false"/>
                <Property Name="p_year" Type="Edm.String" Nullable="false" MaxLength="4" sap:display-format="NonNegative" sap:parameter="mandatory" sap:label="Fiscal Year" sap:creatable="false" sap:updatable="false" sap:sortable="false" sap:filterable="false"/>
                <NavigationProperty Name="Set" Relationship="cds_zsd_log_gasprodrep_yearly.assoc_D3995CEE90E8F2EEF339C959901B2497" FromRole="FromRole_assoc_D3995CEE90E8F2EEF339C959901B2497" ToRole="ToRole_assoc_D3995CEE90E8F2EEF339C959901B2497"/>
            </EntityType>
            <EntityType Name="yearlyType" sap:label="Consumption View for GAS PR Yearly" sap:content-version="1">
                <Key>
                    <PropertyRef Name="VBELN"/>
                    <PropertyRef Name="ZYEAR"/>
                </Key>
                <Property Name="VBELN" Type="Edm.String" Nullable="false" MaxLength="10" sap:display-format="UpperCase" sap:label="Contract" sap:quickinfo="Sales and Distribution Document Number"/>
                <Property Name="ZYEAR" Type="Edm.String" Nullable="false" MaxLength="4" sap:label="Year"/>
                <Property Name="CQMMSCF_D" Type="Edm.Decimal" Precision="13" Scale="3" sap:label="CQMMSCF" sap:quickinfo="Annual Contract Quantity in MMSCF"/>
                <Property Name="CQMMSCF" Type="Edm.String" MaxLength="26"/>
                <Property Name="DELIVERED_QTY_D" Type="Edm.Decimal" Precision="13" Scale="3" sap:label="Delivered Quantity" sap:quickinfo="Annual Quantity of Gas Delivered in MMSCF"/>
                <Property Name="DELIVERED_QTY" Type="Edm.String" MaxLength="26"/>
                <Property Name="SALES_QTY_D" Type="Edm.Decimal" Precision="13" Scale="3" sap:label="Sales Quantity" sap:quickinfo="Annual Quantity of Sales Gas Delivered in MMSCF"/>
                <Property Name="SALES_QTY" Type="Edm.String" MaxLength="31"/>
                <Property Name="SALES_QTY_BTU_D" Type="Edm.Decimal" Precision="13" Scale="2" sap:label="Sales Quantity$" sap:quickinfo="Annual Quantity of Sales Gas Delivered in MMBTU"/>
                <Property Name="SALES_QTY_BTU" Type="Edm.String" MaxLength="31"/>
                <Property Name="SHORTFALL_D" Type="Edm.Decimal" Precision="13" Scale="3" sap:label="Seller Shortfall" sap:quickinfo="Seller Shortfall (MMSCF)"/>
                <Property Name="SHORTFALL" Type="Edm.String" MaxLength="26"/>
                <Property Name="QTYFM_D" Type="Edm.Decimal" Precision="13" Scale="3" sap:label="Quantity not achieve" sap:quickinfo="Quantity not achieved sue to force majeure (MMSCF)"/>
                <Property Name="QTYFM" Type="Edm.String" MaxLength="26"/>
                <Property Name="QTYSM_D" Type="Edm.Decimal" Precision="13" Scale="3" sap:label="Qty Missed Maintenan" sap:quickinfo="Qty not achieved due to Maintenance (MMSCF)"/>
                <Property Name="QTYSM" Type="Edm.String" MaxLength="26"/>
                <Property Name="QTYOG_D" Type="Edm.Decimal" Precision="13" Scale="3" sap:label="Qty not achieved" sap:quickinfo="Qty not achieved due to Offspec Gas (MMSCF)"/>
                <Property Name="QTYOG" Type="Edm.String" MaxLength="26"/>
                <Property Name="MAQMMSCF_D" Type="Edm.Decimal" Precision="13" Scale="3" sap:label="MAQ in MMSCF" sap:quickinfo="Minimum Annual Quantity in MMSCF"/>
                <Property Name="MAQMMSCF" Type="Edm.String" MaxLength="36"/>
                <Property Name="ACP_D" Type="Edm.Decimal" Precision="13" Scale="3" sap:label="Annual Avg Price" sap:quickinfo="Annual Average Contract Price (USD/ MMBTU)"/>
                <Property Name="ACP" Type="Edm.String" MaxLength="30"/>
                <Property Name="TPQ_D" Type="Edm.Decimal" Precision="14" Scale="3"/>
                <Property Name="TPQ" Type="Edm.String" MaxLength="36"/>
                <Property Name="TPP_D" Type="Edm.Decimal" Precision="13" Scale="2" sap:label="Take or Pay Payment" sap:quickinfo="Take or Pay Payment ? USD"/>
                <Property Name="TPP" Type="Edm.String" MaxLength="24"/>
                <Property Name="BMQMMSCF_D" Type="Edm.Decimal" Precision="15" Scale="3"/>
                <Property Name="BMQMMSCF" Type="Edm.String" MaxLength="36"/>
                <Property Name="BMQMMBTU_D" Type="Edm.Decimal" Precision="15" Scale="3"/>
                <Property Name="BMQMMBTU" Type="Edm.String" MaxLength="36"/>
                <Property Name="DMQMMSCF_D" Type="Edm.Decimal" Precision="13" Scale="3" sap:label="QtyDuring" sap:quickinfo="Make up Qty taken by the buyer during contract year - MMSCF"/>
                <Property Name="DMQMMSCF" Type="Edm.String" MaxLength="46"/>
                <Property Name="DMQMMBTU_D" Type="Edm.Decimal" Precision="13" Scale="3" sap:label="QtyDuring" sap:quickinfo="Make up Qty taken by the buyer during contract year - MMBTU"/>
                <Property Name="DMQMMBTU" Type="Edm.String" MaxLength="46"/>
                <Property Name="AVGGHV_D" Type="Edm.Decimal" Precision="15" Scale="2" sap:label="Average GHV(BTU/SCF)" sap:quickinfo="Average GHV (BTU/SCF)"/>
                <Property Name="AVGGHV" Type="Edm.String" MaxLength="28"/>
                <Property Name="PRSTATUS" Type="Edm.String" MaxLength="1" sap:display-format="UpperCase" sap:label="PR Status" sap:quickinfo="Production Report Status"/>
                <Property Name="GenerateEnable" Type="Edm.Boolean" sap:display-format="UpperCase" sap:label="TRUE" sap:quickinfo="Data element for domain BOOLE: TRUE (='X') and FALSE (=' ')" sap:sortable="false" sap:filterable="false"/>
                <Property Name="ReviseEnable" Type="Edm.Boolean" sap:display-format="UpperCase" sap:label="TRUE" sap:quickinfo="Data element for domain BOOLE: TRUE (='X') and FALSE (=' ')" sap:sortable="false" sap:filterable="false"/>
                <Property Name="Print1Enable" Type="Edm.Boolean" sap:display-format="UpperCase" sap:label="TRUE" sap:quickinfo="Data element for domain BOOLE: TRUE (='X') and FALSE (=' ')" sap:sortable="false" sap:filterable="false"/>
                <Property Name="Print2Enable" Type="Edm.Boolean" sap:display-format="UpperCase" sap:label="TRUE" sap:quickinfo="Data element for domain BOOLE: TRUE (='X') and FALSE (=' ')" sap:sortable="false" sap:filterable="false"/>
                <NavigationProperty Name="to_apr_stat" Relationship="cds_zsd_log_gasprodrep_yearly.assoc_1B5728E758DCEE3CED14C7A6270F9973" FromRole="FromRole_assoc_1B5728E758DCEE3CED14C7A6270F9973" ToRole="ToRole_assoc_1B5728E758DCEE3CED14C7A6270F9973"/>
                <NavigationProperty Name="to_status" Relationship="cds_zsd_log_gasprodrep_yearly.assoc_FE798587AE6C314E69087A1007AC2F97" FromRole="FromRole_assoc_FE798587AE6C314E69087A1007AC2F97" ToRole="ToRole_assoc_FE798587AE6C314E69087A1007AC2F97"/>
            </EntityType>
            <EntityType Name="apr_statType" sap:content-version="1">
                <Key>
                    <PropertyRef Name="Vbeln"/>
                    <PropertyRef Name="Zyear"/>
                </Key>
                <Property Name="Vbeln" Type="Edm.String" Nullable="false" MaxLength="10" sap:display-format="UpperCase" sap:label="SD Document" sap:quickinfo="Sales and Distribution Document Number"/>
                <Property Name="Zyear" Type="Edm.String" Nullable="false" MaxLength="4"/>
                <Property Name="prstatus" Type="Edm.String" MaxLength="1" sap:display-format="UpperCase" sap:label="PR Status" sap:quickinfo="Production Report Status"/>
                <Property Name="StatusDesc" Type="Edm.String" MaxLength="60" sap:label="Approval Status Desc" sap:quickinfo="Approval Status Description"/>
                <Property Name="FromDate" Type="Edm.String" MaxLength="12"/>
                <Property Name="ToDate" Type="Edm.String" MaxLength="12"/>
                <NavigationProperty Name="to_yearly" Relationship="cds_zsd_log_gasprodrep_yearly.assoc_1B5728E758DCEE3CED14C7A6270F9973" FromRole="ToRole_assoc_1B5728E758DCEE3CED14C7A6270F9973" ToRole="FromRole_assoc_1B5728E758DCEE3CED14C7A6270F9973"/>
            </EntityType>
            <EntityType Name="statusType" sap:label="Consumption View for GAS PR Yrly Status" sap:content-version="1">
                <Key>
                    <PropertyRef Name="Vbeln"/>
                    <PropertyRef Name="Prtype"/>
                    <PropertyRef Name="AppLevel"/>
                    <PropertyRef Name="Zyear"/>
                </Key>
                <Property Name="Vbeln" Type="Edm.String" Nullable="false" MaxLength="10" sap:display-format="UpperCase" sap:label="SD Document" sap:quickinfo="Sales and Distribution Document Number"/>
                <Property Name="Prtype" Type="Edm.String" Nullable="false" MaxLength="1" sap:display-format="UpperCase" sap:label="PR Type" sap:quickinfo="Production Report type"/>
                <Property Name="AppLevel" Type="Edm.String" Nullable="false" MaxLength="1" sap:display-format="NonNegative" sap:label="Approval Level"/>
                <Property Name="Zyear" Type="Edm.String" Nullable="false" MaxLength="4" sap:display-format="NonNegative" sap:label="Year"/>
                <Property Name="UserName" Type="Edm.String" MaxLength="80" sap:label="Full Name" sap:quickinfo="Full Name of Person"/>
                <Property Name="Status" Type="Edm.String" MaxLength="1" sap:display-format="UpperCase" sap:label="Status" sap:quickinfo="Workflow Status"/>
                <Property Name="StatusDesc" Type="Edm.String" MaxLength="60" sap:label="Approval Status Desc" sap:quickinfo="Approval Status Description"/>
                <Property Name="Comments" Type="Edm.String" MaxLength="50" sap:label="Approval Comments"/>
                <NavigationProperty Name="to_yearly" Relationship="cds_zsd_log_gasprodrep_yearly.assoc_FE798587AE6C314E69087A1007AC2F97" FromRole="ToRole_assoc_FE798587AE6C314E69087A1007AC2F97" ToRole="FromRole_assoc_FE798587AE6C314E69087A1007AC2F97"/>
            </EntityType>
            <EntityType Name="SAP__Currency" sap:content-version="1">
                <Key>
                    <PropertyRef Name="CurrencyCode"/>
                </Key>
                <Property Name="CurrencyCode" Type="Edm.String" Nullable="false" MaxLength="5" sap:label="Currency" sap:semantics="currency-code"/>
                <Property Name="ISOCode" Type="Edm.String" Nullable="false" MaxLength="3" sap:label="ISO code"/>
                <Property Name="Text" Type="Edm.String" Nullable="false" MaxLength="15" sap:label="Short text"/>
                <Property Name="DecimalPlaces" Type="Edm.Byte" Nullable="false" sap:label="Decimals"/>
            </EntityType>
            <EntityType Name="SAP__UnitOfMeasure" sap:content-version="1">
                <Key>
                    <PropertyRef Name="UnitCode"/>
                </Key>
                <Property Name="UnitCode" Type="Edm.String" Nullable="false" MaxLength="3" sap:label="Internal UoM" sap:semantics="unit-of-measure"/>
                <Property Name="ISOCode" Type="Edm.String" Nullable="false" MaxLength="3" sap:label="ISO Code"/>
                <Property Name="ExternalCode" Type="Edm.String" Nullable="false" MaxLength="3" sap:label="Commercial"/>
                <Property Name="Text" Type="Edm.String" Nullable="false" MaxLength="30" sap:label="Measurement Unit Txt"/>
                <Property Name="DecimalPlaces" Type="Edm.Int16" sap:label="Decimal Places"/>
            </EntityType>
            <EntityType Name="SAP__DocumentDescription" sap:content-version="1">
                <Key>
                    <PropertyRef Name="Id"/>
                </Key>
                <Property Name="Id" Type="Edm.Guid" Nullable="false" sap:label="UUID"/>
                <Property Name="CreatedBy" Type="Edm.String" Nullable="false" MaxLength="12"/>
                <Property Name="CreatedAt" Type="Edm.DateTime" Nullable="false" Precision="0" sap:label="Time Stamp"/>
                <Property Name="FileName" Type="Edm.String" Nullable="false" MaxLength="256"/>
                <Property Name="Title" Type="Edm.String" Nullable="false" MaxLength="256"/>
                <NavigationProperty Name="Format" Relationship="cds_zsd_log_gasprodrep_yearly.to_format" FromRole="FromRole_to_format" ToRole="ToRole_to_format"/>
                <NavigationProperty Name="TableColumns" Relationship="cds_zsd_log_gasprodrep_yearly.to_tablecolumns" FromRole="FromRole_to_tablecolumns" ToRole="ToRole_to_tablecolumns"/>
                <NavigationProperty Name="CoverPage" Relationship="cds_zsd_log_gasprodrep_yearly.to_coverpage" FromRole="FromRole_to_coverpage" ToRole="ToRole_to_coverpage"/>
                <NavigationProperty Name="Signature" Relationship="cds_zsd_log_gasprodrep_yearly.to_signature" FromRole="FromRole_to_signature" ToRole="ToRole_to_signature"/>
                <NavigationProperty Name="PDFStandard" Relationship="cds_zsd_log_gasprodrep_yearly.to_pdfstandard" FromRole="FromRole_to_pdfstandard" ToRole="ToRole_to_pdfstandard"/>
            </EntityType>
            <EntityType Name="SAP__Format" sap:content-version="1">
                <Key>
                    <PropertyRef Name="Id"/>
                </Key>
                <Property Name="FitToPage" Type="cds_zsd_log_gasprodrep_yearly.SAP__FitToPage" Nullable="false"/>
                <Property Name="Id" Type="Edm.Guid" Nullable="false" sap:label="UUID" sap:creatable="false" sap:updatable="false" sap:sortable="false" sap:filterable="false"/>
                <Property Name="FontSize" Type="Edm.Int32" Nullable="false" sap:creatable="false" sap:updatable="false" sap:sortable="false" sap:filterable="false"/>
                <Property Name="Orientation" Type="Edm.String" Nullable="false" MaxLength="10" sap:creatable="false" sap:updatable="false" sap:sortable="false" sap:filterable="false"/>
                <Property Name="PaperSize" Type="Edm.String" Nullable="false" MaxLength="10" sap:creatable="false" sap:updatable="false" sap:sortable="false" sap:filterable="false"/>
                <Property Name="BorderSize" Type="Edm.Int32" Nullable="false" sap:creatable="false" sap:updatable="false" sap:sortable="false" sap:filterable="false"/>
                <Property Name="MarginSize" Type="Edm.Int32" Nullable="false" sap:creatable="false" sap:updatable="false" sap:sortable="false" sap:filterable="false"/>
                <Property Name="FontName" Type="Edm.String" Nullable="false" MaxLength="255" sap:label="Font Name" sap:creatable="false" sap:updatable="false" sap:sortable="false" sap:filterable="false"/>
            </EntityType>
            <EntityType Name="SAP__PDFStandard" sap:content-version="1">
                <Key>
                    <PropertyRef Name="Id"/>
                </Key>
                <Property Name="Id" Type="Edm.Guid" Nullable="false" sap:label="UUID" sap:creatable="false" sap:updatable="false" sap:sortable="false" sap:filterable="false"/>
                <Property Name="UsePDFAConformance" Type="Edm.Boolean" Nullable="false" sap:creatable="false" sap:updatable="false" sap:sortable="false" sap:filterable="false"/>
                <Property Name="DoEnableAccessibility" Type="Edm.Boolean" Nullable="false" sap:label="Indicator" sap:creatable="false" sap:updatable="false" sap:sortable="false" sap:filterable="false"/>
            </EntityType>
            <EntityType Name="SAP__TableColumns" sap:content-version="1">
                <Key>
                    <PropertyRef Name="Id"/>
                    <PropertyRef Name="Name"/>
                    <PropertyRef Name="Header"/>
                </Key>
                <Property Name="Id" Type="Edm.Guid" Nullable="false" sap:label="UUID" sap:creatable="false" sap:updatable="false" sap:sortable="false" sap:filterable="false"/>
                <Property Name="Name" Type="Edm.String" Nullable="false" MaxLength="256" sap:creatable="false" sap:updatable="false" sap:sortable="false" sap:filterable="false"/>
                <Property Name="Header" Type="Edm.String" Nullable="false" MaxLength="256" sap:creatable="false" sap:updatable="false" sap:sortable="false" sap:filterable="false"/>
                <Property Name="HorizontalAlignment" Type="Edm.String" Nullable="false" MaxLength="10" sap:creatable="false" sap:updatable="false" sap:sortable="false" sap:filterable="false"/>
            </EntityType>
            <EntityType Name="SAP__CoverPage" sap:content-version="1">
                <Key>
                    <PropertyRef Name="Title"/>
                    <PropertyRef Name="Id"/>
                    <PropertyRef Name="Name"/>
                </Key>
                <Property Name="Title" Type="Edm.String" Nullable="false" MaxLength="256" sap:creatable="false" sap:updatable="false" sap:sortable="false" sap:filterable="false"/>
                <Property Name="Id" Type="Edm.Guid" Nullable="false" sap:label="UUID" sap:creatable="false" sap:updatable="false" sap:sortable="false" sap:filterable="false"/>
                <Property Name="Name" Type="Edm.String" Nullable="false" MaxLength="256" sap:creatable="false" sap:updatable="false" sap:sortable="false" sap:filterable="false"/>
                <Property Name="Value" Type="Edm.String" Nullable="false" MaxLength="256" sap:creatable="false" sap:updatable="false" sap:sortable="false" sap:filterable="false"/>
            </EntityType>
            <EntityType Name="SAP__Signature" sap:content-version="1">
                <Key>
                    <PropertyRef Name="Id"/>
                </Key>
                <Property Name="Id" Type="Edm.Guid" Nullable="false" sap:label="UUID" sap:creatable="false" sap:updatable="false" sap:sortable="false" sap:filterable="false"/>
                <Property Name="DoSign" Type="Edm.Boolean" Nullable="false" sap:label="Indicator" sap:creatable="false" sap:updatable="false" sap:sortable="false" sap:filterable="false"/>
                <Property Name="Reason" Type="Edm.String" Nullable="false" MaxLength="256" sap:creatable="false" sap:updatable="false" sap:sortable="false" sap:filterable="false"/>
            </EntityType>
            <EntityType Name="SAP__ValueHelp" sap:content-version="1">
                <Key>
                    <PropertyRef Name="VALUEHELP"/>
                </Key>
                <Property Name="VALUEHELP" Type="Edm.String" Nullable="false"/>
                <Property Name="FIELD_VALUE" Type="Edm.String" Nullable="false" MaxLength="10"/>
                <Property Name="DESCRIPTION" Type="Edm.String"/>
            </EntityType>
            <ComplexType Name="SAP__FitToPage">
                <Property Name="ErrorRecoveryBehavior" Type="Edm.String" Nullable="false" MaxLength="8" sap:label="Error behavior" sap:creatable="false" sap:updatable="false" sap:sortable="false" sap:filterable="false"/>
                <Property Name="IsEnabled" Type="Edm.Boolean" Nullable="false" sap:creatable="false" sap:updatable="false" sap:sortable="false" sap:filterable="false"/>
                <Property Name="MinimumFontSize" Type="Edm.Int32" Nullable="false" sap:creatable="false" sap:updatable="false" sap:sortable="false" sap:filterable="false"/>
            </ComplexType>
            <Association Name="assoc_1B5728E758DCEE3CED14C7A6270F9973" sap:content-version="1">
                <End Type="cds_zsd_log_gasprodrep_yearly.yearlyType" Multiplicity="1" Role="FromRole_assoc_1B5728E758DCEE3CED14C7A6270F9973">
                    <OnDelete Action="Cascade"/>
                </End>
                <End Type="cds_zsd_log_gasprodrep_yearly.apr_statType" Multiplicity="0..1" Role="ToRole_assoc_1B5728E758DCEE3CED14C7A6270F9973"/>
                <ReferentialConstraint>
                    <Principal Role="FromRole_assoc_1B5728E758DCEE3CED14C7A6270F9973">
                        <PropertyRef Name="ZYEAR"/>
                        <PropertyRef Name="VBELN"/>
                    </Principal>
                    <Dependent Role="ToRole_assoc_1B5728E758DCEE3CED14C7A6270F9973">
                        <PropertyRef Name="Zyear"/>
                        <PropertyRef Name="Vbeln"/>
                    </Dependent>
                </ReferentialConstraint>
            </Association>
            <Association Name="assoc_FE798587AE6C314E69087A1007AC2F97" sap:content-version="1">
                <End Type="cds_zsd_log_gasprodrep_yearly.yearlyType" Multiplicity="1" Role="FromRole_assoc_FE798587AE6C314E69087A1007AC2F97">
                    <OnDelete Action="Cascade"/>
                </End>
                <End Type="cds_zsd_log_gasprodrep_yearly.statusType" Multiplicity="*" Role="ToRole_assoc_FE798587AE6C314E69087A1007AC2F97"/>
                <ReferentialConstraint>
                    <Principal Role="FromRole_assoc_FE798587AE6C314E69087A1007AC2F97">
                        <PropertyRef Name="ZYEAR"/>
                        <PropertyRef Name="VBELN"/>
                    </Principal>
                    <Dependent Role="ToRole_assoc_FE798587AE6C314E69087A1007AC2F97">
                        <PropertyRef Name="Zyear"/>
                        <PropertyRef Name="Vbeln"/>
                    </Dependent>
                </ReferentialConstraint>
            </Association>
            <Association Name="assoc_86508CADFC8603FF9E50493A06D4BD59" sap:content-version="1">
                <End Type="cds_zsd_log_gasprodrep_yearly.Print2Parameters" Multiplicity="1" Role="FromRole_assoc_86508CADFC8603FF9E50493A06D4BD59"/>
                <End Type="cds_zsd_log_gasprodrep_yearly.Print2Type" Multiplicity="*" Role="ToRole_assoc_86508CADFC8603FF9E50493A06D4BD59"/>
            </Association>
            <Association Name="to_format" sap:content-version="1">
                <End Type="cds_zsd_log_gasprodrep_yearly.SAP__DocumentDescription" Multiplicity="1" Role="FromRole_to_format"/>
                <End Type="cds_zsd_log_gasprodrep_yearly.SAP__Format" Multiplicity="1" Role="ToRole_to_format"/>
                <ReferentialConstraint>
                    <Principal Role="FromRole_to_format">
                        <PropertyRef Name="Id"/>
                    </Principal>
                    <Dependent Role="ToRole_to_format">
                        <PropertyRef Name="Id"/>
                    </Dependent>
                </ReferentialConstraint>
            </Association>
            <Association Name="to_tablecolumns" sap:content-version="1">
                <End Type="cds_zsd_log_gasprodrep_yearly.SAP__DocumentDescription" Multiplicity="1" Role="FromRole_to_tablecolumns"/>
                <End Type="cds_zsd_log_gasprodrep_yearly.SAP__TableColumns" Multiplicity="*" Role="ToRole_to_tablecolumns"/>
                <ReferentialConstraint>
                    <Principal Role="FromRole_to_tablecolumns">
                        <PropertyRef Name="Id"/>
                    </Principal>
                    <Dependent Role="ToRole_to_tablecolumns">
                        <PropertyRef Name="Id"/>
                    </Dependent>
                </ReferentialConstraint>
            </Association>
            <Association Name="to_coverpage" sap:content-version="1">
                <End Type="cds_zsd_log_gasprodrep_yearly.SAP__DocumentDescription" Multiplicity="1" Role="FromRole_to_coverpage"/>
                <End Type="cds_zsd_log_gasprodrep_yearly.SAP__CoverPage" Multiplicity="*" Role="ToRole_to_coverpage"/>
                <ReferentialConstraint>
                    <Principal Role="FromRole_to_coverpage">
                        <PropertyRef Name="Id"/>
                    </Principal>
                    <Dependent Role="ToRole_to_coverpage">
                        <PropertyRef Name="Id"/>
                    </Dependent>
                </ReferentialConstraint>
            </Association>
            <Association Name="to_signature" sap:content-version="1">
                <End Type="cds_zsd_log_gasprodrep_yearly.SAP__DocumentDescription" Multiplicity="1" Role="FromRole_to_signature"/>
                <End Type="cds_zsd_log_gasprodrep_yearly.SAP__Signature" Multiplicity="1" Role="ToRole_to_signature"/>
                <ReferentialConstraint>
                    <Principal Role="FromRole_to_signature">
                        <PropertyRef Name="Id"/>
                    </Principal>
                    <Dependent Role="ToRole_to_signature">
                        <PropertyRef Name="Id"/>
                    </Dependent>
                </ReferentialConstraint>
            </Association>
            <Association Name="to_pdfstandard" sap:content-version="1">
                <End Type="cds_zsd_log_gasprodrep_yearly.SAP__DocumentDescription" Multiplicity="1" Role="FromRole_to_pdfstandard"/>
                <End Type="cds_zsd_log_gasprodrep_yearly.SAP__PDFStandard" Multiplicity="1" Role="ToRole_to_pdfstandard"/>
                <ReferentialConstraint>
                    <Principal Role="FromRole_to_pdfstandard">
                        <PropertyRef Name="Id"/>
                    </Principal>
                    <Dependent Role="ToRole_to_pdfstandard">
                        <PropertyRef Name="Id"/>
                    </Dependent>
                </ReferentialConstraint>
            </Association>
            <Association Name="assoc_D3995CEE90E8F2EEF339C959901B2497" sap:content-version="1">
                <End Type="cds_zsd_log_gasprodrep_yearly.reviseParameters" Multiplicity="1" Role="FromRole_assoc_D3995CEE90E8F2EEF339C959901B2497"/>
                <End Type="cds_zsd_log_gasprodrep_yearly.reviseType" Multiplicity="*" Role="ToRole_assoc_D3995CEE90E8F2EEF339C959901B2497"/>
            </Association>
            <Association Name="assoc_648B67DB387B53B739D2FB4C2BC06007" sap:content-version="1">
                <End Type="cds_zsd_log_gasprodrep_yearly.GenerateParameters" Multiplicity="1" Role="FromRole_assoc_648B67DB387B53B739D2FB4C2BC06007"/>
                <End Type="cds_zsd_log_gasprodrep_yearly.GenerateType" Multiplicity="*" Role="ToRole_assoc_648B67DB387B53B739D2FB4C2BC06007"/>
            </Association>
            <Association Name="assoc_7DCE9D232CC8575DAF5E97A973F48C81" sap:content-version="1">
                <End Type="cds_zsd_log_gasprodrep_yearly.Print1Parameters" Multiplicity="1" Role="FromRole_assoc_7DCE9D232CC8575DAF5E97A973F48C81"/>
                <End Type="cds_zsd_log_gasprodrep_yearly.Print1Type" Multiplicity="*" Role="ToRole_assoc_7DCE9D232CC8575DAF5E97A973F48C81"/>
            </Association>
            <EntityContainer Name="cds_zsd_log_gasprodrep_yearly_Entities" m:IsDefaultEntityContainer="true" sap:message-scope-supported="true" sap:supported-formats="atom json xlsx pdf">
                <EntitySet Name="SAP__Currencies" EntityType="cds_zsd_log_gasprodrep_yearly.SAP__Currency" sap:content-version="1"/>
                <EntitySet Name="SAP__UnitsOfMeasure" EntityType="cds_zsd_log_gasprodrep_yearly.SAP__UnitOfMeasure" sap:content-version="1"/>
                <EntitySet Name="SAP__MyDocumentDescriptions" EntityType="cds_zsd_log_gasprodrep_yearly.SAP__DocumentDescription" sap:content-version="1"/>
                <EntitySet Name="SAP__FormatSet" EntityType="cds_zsd_log_gasprodrep_yearly.SAP__Format" sap:creatable="false" sap:updatable="false" sap:deletable="false" sap:pageable="false" sap:addressable="false" sap:content-version="1"/>
                <EntitySet Name="SAP__PDFStandardSet" EntityType="cds_zsd_log_gasprodrep_yearly.SAP__PDFStandard" sap:creatable="false" sap:updatable="false" sap:deletable="false" sap:pageable="false" sap:addressable="false" sap:content-version="1"/>
                <EntitySet Name="SAP__TableColumnsSet" EntityType="cds_zsd_log_gasprodrep_yearly.SAP__TableColumns" sap:creatable="false" sap:updatable="false" sap:deletable="false" sap:pageable="false" sap:addressable="false" sap:content-version="1"/>
                <EntitySet Name="SAP__CoverPageSet" EntityType="cds_zsd_log_gasprodrep_yearly.SAP__CoverPage" sap:creatable="false" sap:updatable="false" sap:deletable="false" sap:pageable="false" sap:addressable="false" sap:content-version="1"/>
                <EntitySet Name="SAP__SignatureSet" EntityType="cds_zsd_log_gasprodrep_yearly.SAP__Signature" sap:creatable="false" sap:updatable="false" sap:deletable="false" sap:pageable="false" sap:addressable="false" sap:content-version="1"/>
                <EntitySet Name="SAP__ValueHelpSet" EntityType="cds_zsd_log_gasprodrep_yearly.SAP__ValueHelp" sap:content-version="1"/>
                <EntitySet Name="Print2Set" EntityType="cds_zsd_log_gasprodrep_yearly.Print2Type" sap:creatable="false" sap:updatable="false" sap:deletable="false" sap:addressable="false" sap:content-version="1"/>
                <EntitySet Name="Print2" EntityType="cds_zsd_log_gasprodrep_yearly.Print2Parameters" sap:creatable="false" sap:updatable="false" sap:deletable="false" sap:pageable="false" sap:content-version="1"/>
                <EntitySet Name="GenerateSet" EntityType="cds_zsd_log_gasprodrep_yearly.GenerateType" sap:creatable="false" sap:updatable="false" sap:deletable="false" sap:addressable="false" sap:content-version="1"/>
                <EntitySet Name="Generate" EntityType="cds_zsd_log_gasprodrep_yearly.GenerateParameters" sap:creatable="false" sap:updatable="false" sap:deletable="false" sap:pageable="false" sap:content-version="1"/>
                <EntitySet Name="Print1Set" EntityType="cds_zsd_log_gasprodrep_yearly.Print1Type" sap:creatable="false" sap:updatable="false" sap:deletable="false" sap:addressable="false" sap:content-version="1"/>
                <EntitySet Name="Print1" EntityType="cds_zsd_log_gasprodrep_yearly.Print1Parameters" sap:creatable="false" sap:updatable="false" sap:deletable="false" sap:pageable="false" sap:content-version="1"/>
                <EntitySet Name="reviseSet" EntityType="cds_zsd_log_gasprodrep_yearly.reviseType" sap:creatable="false" sap:updatable="false" sap:deletable="false" sap:addressable="false" sap:content-version="1"/>
                <EntitySet Name="revise" EntityType="cds_zsd_log_gasprodrep_yearly.reviseParameters" sap:creatable="false" sap:updatable="false" sap:deletable="false" sap:pageable="false" sap:content-version="1"/>
                <EntitySet Name="yearly" EntityType="cds_zsd_log_gasprodrep_yearly.yearlyType" sap:creatable="false" sap:updatable="false" sap:deletable="false" sap:searchable="true" sap:content-version="1"/>
                <EntitySet Name="apr_stat" EntityType="cds_zsd_log_gasprodrep_yearly.apr_statType" sap:creatable="false" sap:updatable="false" sap:deletable="false" sap:content-version="1"/>
                <EntitySet Name="status" EntityType="cds_zsd_log_gasprodrep_yearly.statusType" sap:creatable="false" sap:updatable="false" sap:deletable="false" sap:content-version="1"/>
                <AssociationSet Name="assoc_7DCE9D232CC8575DAF5E97A973F48C81" Association="cds_zsd_log_gasprodrep_yearly.assoc_7DCE9D232CC8575DAF5E97A973F48C81" sap:creatable="false" sap:updatable="false" sap:deletable="false" sap:content-version="1">
                    <End EntitySet="Print1" Role="FromRole_assoc_7DCE9D232CC8575DAF5E97A973F48C81"/>
                    <End EntitySet="Print1Set" Role="ToRole_assoc_7DCE9D232CC8575DAF5E97A973F48C81"/>
                </AssociationSet>
                <AssociationSet Name="assoc_1B5728E758DCEE3CED14C7A6270F9973" Association="cds_zsd_log_gasprodrep_yearly.assoc_1B5728E758DCEE3CED14C7A6270F9973" sap:creatable="false" sap:updatable="false" sap:deletable="false" sap:content-version="1">
                    <End EntitySet="yearly" Role="FromRole_assoc_1B5728E758DCEE3CED14C7A6270F9973"/>
                    <End EntitySet="apr_stat" Role="ToRole_assoc_1B5728E758DCEE3CED14C7A6270F9973"/>
                </AssociationSet>
                <AssociationSet Name="to_formatSet" Association="cds_zsd_log_gasprodrep_yearly.to_format" sap:creatable="false" sap:updatable="false" sap:deletable="false" sap:content-version="1">
                    <End EntitySet="SAP__MyDocumentDescriptions" Role="FromRole_to_format"/>
                    <End EntitySet="SAP__FormatSet" Role="ToRole_to_format"/>
                </AssociationSet>
                <AssociationSet Name="to_pdfstandardSet" Association="cds_zsd_log_gasprodrep_yearly.to_pdfstandard" sap:creatable="false" sap:updatable="false" sap:deletable="false" sap:content-version="1">
                    <End EntitySet="SAP__MyDocumentDescriptions" Role="FromRole_to_pdfstandard"/>
                    <End EntitySet="SAP__PDFStandardSet" Role="ToRole_to_pdfstandard"/>
                </AssociationSet>
                <AssociationSet Name="assoc_86508CADFC8603FF9E50493A06D4BD59" Association="cds_zsd_log_gasprodrep_yearly.assoc_86508CADFC8603FF9E50493A06D4BD59" sap:creatable="false" sap:updatable="false" sap:deletable="false" sap:content-version="1">
                    <End EntitySet="Print2" Role="FromRole_assoc_86508CADFC8603FF9E50493A06D4BD59"/>
                    <End EntitySet="Print2Set" Role="ToRole_assoc_86508CADFC8603FF9E50493A06D4BD59"/>
                </AssociationSet>
                <AssociationSet Name="to_tablecolumnsSet" Association="cds_zsd_log_gasprodrep_yearly.to_tablecolumns" sap:creatable="false" sap:updatable="false" sap:deletable="false" sap:content-version="1">
                    <End EntitySet="SAP__MyDocumentDescriptions" Role="FromRole_to_tablecolumns"/>
                    <End EntitySet="SAP__TableColumnsSet" Role="ToRole_to_tablecolumns"/>
                </AssociationSet>
                <AssociationSet Name="to_signatureSet" Association="cds_zsd_log_gasprodrep_yearly.to_signature" sap:creatable="false" sap:updatable="false" sap:deletable="false" sap:content-version="1">
                    <End EntitySet="SAP__MyDocumentDescriptions" Role="FromRole_to_signature"/>
                    <End EntitySet="SAP__SignatureSet" Role="ToRole_to_signature"/>
                </AssociationSet>
                <AssociationSet Name="assoc_648B67DB387B53B739D2FB4C2BC06007" Association="cds_zsd_log_gasprodrep_yearly.assoc_648B67DB387B53B739D2FB4C2BC06007" sap:creatable="false" sap:updatable="false" sap:deletable="false" sap:content-version="1">
                    <End EntitySet="Generate" Role="FromRole_assoc_648B67DB387B53B739D2FB4C2BC06007"/>
                    <End EntitySet="GenerateSet" Role="ToRole_assoc_648B67DB387B53B739D2FB4C2BC06007"/>
                </AssociationSet>
                <AssociationSet Name="assoc_D3995CEE90E8F2EEF339C959901B2497" Association="cds_zsd_log_gasprodrep_yearly.assoc_D3995CEE90E8F2EEF339C959901B2497" sap:creatable="false" sap:updatable="false" sap:deletable="false" sap:content-version="1">
                    <End EntitySet="revise" Role="FromRole_assoc_D3995CEE90E8F2EEF339C959901B2497"/>
                    <End EntitySet="reviseSet" Role="ToRole_assoc_D3995CEE90E8F2EEF339C959901B2497"/>
                </AssociationSet>
                <AssociationSet Name="to_coverpageSet" Association="cds_zsd_log_gasprodrep_yearly.to_coverpage" sap:creatable="false" sap:updatable="false" sap:deletable="false" sap:content-version="1">
                    <End EntitySet="SAP__MyDocumentDescriptions" Role="FromRole_to_coverpage"/>
                    <End EntitySet="SAP__CoverPageSet" Role="ToRole_to_coverpage"/>
                </AssociationSet>
                <AssociationSet Name="assoc_FE798587AE6C314E69087A1007AC2F97" Association="cds_zsd_log_gasprodrep_yearly.assoc_FE798587AE6C314E69087A1007AC2F97" sap:creatable="false" sap:updatable="false" sap:deletable="false" sap:content-version="1">
                    <End EntitySet="yearly" Role="FromRole_assoc_FE798587AE6C314E69087A1007AC2F97"/>
                    <End EntitySet="status" Role="ToRole_assoc_FE798587AE6C314E69087A1007AC2F97"/>
                </AssociationSet>
            </EntityContainer>
            <Annotations Target="cds_zsd_log_gasprodrep_yearly.cds_zsd_log_gasprodrep_yearly_Entities" xmlns="http://docs.oasis-open.org/odata/ns/edm">
                <Annotation Term="Common.ApplyMultiUnitBehaviorForSortingAndFiltering" Bool="true"/>
            </Annotations>
            <Annotations Target="cds_zsd_log_gasprodrep_yearly.yearlyType/to_apr_stat" xmlns="http://docs.oasis-open.org/odata/ns/edm">
                <Annotation Term="Common.Composition"/>
            </Annotations>
            <Annotations Target="cds_zsd_log_gasprodrep_yearly.yearlyType/to_status" xmlns="http://docs.oasis-open.org/odata/ns/edm">
                <Annotation Term="Common.Composition"/>
            </Annotations>
            <Annotations Target="cds_zsd_log_gasprodrep_yearly.cds_zsd_log_gasprodrep_yearly_Entities/Generate" xmlns="http://docs.oasis-open.org/odata/ns/edm">
                <Annotation Term="Capabilities.FilterRestrictions">
                    <Record>
                        <PropertyValue Property="NonFilterableProperties">
                            <Collection>
                                <PropertyPath>p_contract</PropertyPath>
                                <PropertyPath>p_year</PropertyPath>
                            </Collection>
                        </PropertyValue>
                    </Record>
                </Annotation>
                <Annotation Term="Capabilities.NavigationRestrictions">
                    <Record>
                        <PropertyValue Property="RestrictedProperties">
                            <Collection>
                                <Record>
                                    <PropertyValue Property="NavigationProperty" NavigationPropertyPath="Parameters"/>
                                    <PropertyValue Property="FilterRestrictions">
                                        <Record>
                                            <PropertyValue Property="Filterable" Bool="false"/>
                                        </Record>
                                    </PropertyValue>
                                </Record>
                            </Collection>
                        </PropertyValue>
                    </Record>
                </Annotation>
                <Annotation Term="Capabilities.SortRestrictions">
                    <Record>
                        <PropertyValue Property="NonSortableProperties">
                            <Collection>
                                <PropertyPath>p_contract</PropertyPath>
                                <PropertyPath>p_year</PropertyPath>
                            </Collection>
                        </PropertyValue>
                    </Record>
                </Annotation>
            </Annotations>
            <Annotations Target="cds_zsd_log_gasprodrep_yearly.cds_zsd_log_gasprodrep_yearly_Entities/Print1" xmlns="http://docs.oasis-open.org/odata/ns/edm">
                <Annotation Term="Capabilities.FilterRestrictions">
                    <Record>
                        <PropertyValue Property="NonFilterableProperties">
                            <Collection>
                                <PropertyPath>p_contract</PropertyPath>
                                <PropertyPath>p_year</PropertyPath>
                            </Collection>
                        </PropertyValue>
                    </Record>
                </Annotation>
                <Annotation Term="Capabilities.NavigationRestrictions">
                    <Record>
                        <PropertyValue Property="RestrictedProperties">
                            <Collection>
                                <Record>
                                    <PropertyValue Property="NavigationProperty" NavigationPropertyPath="Parameters"/>
                                    <PropertyValue Property="FilterRestrictions">
                                        <Record>
                                            <PropertyValue Property="Filterable" Bool="false"/>
                                        </Record>
                                    </PropertyValue>
                                </Record>
                            </Collection>
                        </PropertyValue>
                    </Record>
                </Annotation>
                <Annotation Term="Capabilities.SortRestrictions">
                    <Record>
                        <PropertyValue Property="NonSortableProperties">
                            <Collection>
                                <PropertyPath>p_contract</PropertyPath>
                                <PropertyPath>p_year</PropertyPath>
                            </Collection>
                        </PropertyValue>
                    </Record>
                </Annotation>
            </Annotations>
            <Annotations Target="cds_zsd_log_gasprodrep_yearly.cds_zsd_log_gasprodrep_yearly_Entities/Print2" xmlns="http://docs.oasis-open.org/odata/ns/edm">
                <Annotation Term="Capabilities.FilterRestrictions">
                    <Record>
                        <PropertyValue Property="NonFilterableProperties">
                            <Collection>
                                <PropertyPath>p_contract</PropertyPath>
                                <PropertyPath>p_year</PropertyPath>
                            </Collection>
                        </PropertyValue>
                    </Record>
                </Annotation>
                <Annotation Term="Capabilities.NavigationRestrictions">
                    <Record>
                        <PropertyValue Property="RestrictedProperties">
                            <Collection>
                                <Record>
                                    <PropertyValue Property="NavigationProperty" NavigationPropertyPath="Parameters"/>
                                    <PropertyValue Property="FilterRestrictions">
                                        <Record>
                                            <PropertyValue Property="Filterable" Bool="false"/>
                                        </Record>
                                    </PropertyValue>
                                </Record>
                            </Collection>
                        </PropertyValue>
                    </Record>
                </Annotation>
                <Annotation Term="Capabilities.SortRestrictions">
                    <Record>
                        <PropertyValue Property="NonSortableProperties">
                            <Collection>
                                <PropertyPath>p_contract</PropertyPath>
                                <PropertyPath>p_year</PropertyPath>
                            </Collection>
                        </PropertyValue>
                    </Record>
                </Annotation>
            </Annotations>
            <Annotations Target="cds_zsd_log_gasprodrep_yearly.cds_zsd_log_gasprodrep_yearly_Entities/revise" xmlns="http://docs.oasis-open.org/odata/ns/edm">
                <Annotation Term="Capabilities.FilterRestrictions">
                    <Record>
                        <PropertyValue Property="NonFilterableProperties">
                            <Collection>
                                <PropertyPath>p_contract</PropertyPath>
                                <PropertyPath>p_year</PropertyPath>
                            </Collection>
                        </PropertyValue>
                    </Record>
                </Annotation>
                <Annotation Term="Capabilities.NavigationRestrictions">
                    <Record>
                        <PropertyValue Property="RestrictedProperties">
                            <Collection>
                                <Record>
                                    <PropertyValue Property="NavigationProperty" NavigationPropertyPath="Parameters"/>
                                    <PropertyValue Property="FilterRestrictions">
                                        <Record>
                                            <PropertyValue Property="Filterable" Bool="false"/>
                                        </Record>
                                    </PropertyValue>
                                </Record>
                            </Collection>
                        </PropertyValue>
                    </Record>
                </Annotation>
                <Annotation Term="Capabilities.SortRestrictions">
                    <Record>
                        <PropertyValue Property="NonSortableProperties">
                            <Collection>
                                <PropertyPath>p_contract</PropertyPath>
                                <PropertyPath>p_year</PropertyPath>
                            </Collection>
                        </PropertyValue>
                    </Record>
                </Annotation>
            </Annotations>
            <Annotations Target="cds_zsd_log_gasprodrep_yearly.cds_zsd_log_gasprodrep_yearly_Entities/yearly" xmlns="http://docs.oasis-open.org/odata/ns/edm">
                <Annotation Term="Capabilities.FilterRestrictions">
                    <Record>
                        <PropertyValue Property="NonFilterableProperties">
                            <Collection>
                                <PropertyPath>GenerateEnable</PropertyPath>
                                <PropertyPath>ReviseEnable</PropertyPath>
                                <PropertyPath>Print1Enable</PropertyPath>
                                <PropertyPath>Print2Enable</PropertyPath>
                            </Collection>
                        </PropertyValue>
                    </Record>
                </Annotation>
                <Annotation Term="Capabilities.NavigationRestrictions">
                    <Record>
                        <PropertyValue Property="RestrictedProperties">
                            <Collection>
                                <Record>
                                    <PropertyValue Property="NavigationProperty" NavigationPropertyPath="to_apr_stat"/>
                                    <PropertyValue Property="InsertRestrictions">
                                        <Record>
                                            <PropertyValue Property="Insertable" Bool="false"/>
                                        </Record>
                                    </PropertyValue>
                                </Record>
                                <Record>
                                    <PropertyValue Property="NavigationProperty" NavigationPropertyPath="to_status"/>
                                    <PropertyValue Property="InsertRestrictions">
                                        <Record>
                                            <PropertyValue Property="Insertable" Bool="false"/>
                                        </Record>
                                    </PropertyValue>
                                </Record>
                            </Collection>
                        </PropertyValue>
                    </Record>
                </Annotation>
                <Annotation Term="Capabilities.SortRestrictions">
                    <Record>
                        <PropertyValue Property="NonSortableProperties">
                            <Collection>
                                <PropertyPath>GenerateEnable</PropertyPath>
                                <PropertyPath>ReviseEnable</PropertyPath>
                                <PropertyPath>Print1Enable</PropertyPath>
                                <PropertyPath>Print2Enable</PropertyPath>
                            </Collection>
                        </PropertyValue>
                    </Record>
                </Annotation>
            </Annotations>
            <Annotations Target="cds_zsd_log_gasprodrep_yearly.cds_zsd_log_gasprodrep_yearly_Entities/apr_stat" xmlns="http://docs.oasis-open.org/odata/ns/edm">
                <Annotation Term="Capabilities.NavigationRestrictions">
                    <Record>
                        <PropertyValue Property="RestrictedProperties">
                            <Collection>
                                <Record>
                                    <PropertyValue Property="NavigationProperty" NavigationPropertyPath="to_yearly"/>
                                    <PropertyValue Property="InsertRestrictions">
                                        <Record>
                                            <PropertyValue Property="Insertable" Bool="false"/>
                                        </Record>
                                    </PropertyValue>
                                </Record>
                            </Collection>
                        </PropertyValue>
                    </Record>
                </Annotation>
            </Annotations>
            <Annotations Target="cds_zsd_log_gasprodrep_yearly.cds_zsd_log_gasprodrep_yearly_Entities/status" xmlns="http://docs.oasis-open.org/odata/ns/edm">
                <Annotation Term="Capabilities.NavigationRestrictions">
                    <Record>
                        <PropertyValue Property="RestrictedProperties">
                            <Collection>
                                <Record>
                                    <PropertyValue Property="NavigationProperty" NavigationPropertyPath="to_yearly"/>
                                    <PropertyValue Property="InsertRestrictions">
                                        <Record>
                                            <PropertyValue Property="Insertable" Bool="false"/>
                                        </Record>
                                    </PropertyValue>
                                </Record>
                            </Collection>
                        </PropertyValue>
                    </Record>
                </Annotation>
            </Annotations>
            <Annotations Target="cds_zsd_log_gasprodrep_yearly.cds_zsd_log_gasprodrep_yearly_Entities" xmlns="http://docs.oasis-open.org/odata/ns/edm">
                <Annotation Term="Org.OData.Capabilities.V1.BatchSupport">
                    <Record Type="Org.OData.Capabilities.V1.BatchSupportType">
                        <PropertyValue Property="ReferencesAcrossChangeSetsSupported" Bool="true"/>
                    </Record>
                </Annotation>
                <Annotation Term="SAP__CodeList.CurrencyCodes">
                    <Record>
                        <PropertyValue Property="Url" String="./$metadata"/>
                        <PropertyValue Property="CollectionPath" String="SAP__Currencies"/>
                    </Record>
                </Annotation>
                <Annotation Term="SAP__CodeList.UnitsOfMeasure">
                    <Record>
                        <PropertyValue Property="Url" String="./$metadata"/>
                        <PropertyValue Property="CollectionPath" String="SAP__UnitsOfMeasure"/>
                    </Record>
                </Annotation>
                <Annotation Term="SAP__PDF.Features">
                    <Record>
                        <PropertyValue Property="DocumentDescriptionReference" String="./$metadata"/>
                        <PropertyValue Property="DocumentDescriptionCollection" String="SAP__MyDocumentDescriptions"/>
                        <PropertyValue Property="ArchiveFormat" Bool="true"/>
                        <PropertyValue Property="CoverPage" Bool="true"/>
                        <PropertyValue Property="Signature" Bool="true"/>
                        <PropertyValue Property="FitToPage" Bool="true"/>
                        <PropertyValue Property="FontName" Bool="true"/>
                        <PropertyValue Property="FontSize" Bool="true"/>
                        <PropertyValue Property="Margin" Bool="true"/>
                        <PropertyValue Property="Border" Bool="true"/>
                        <PropertyValue Property="ResultSizeDefault" Int="20000"/>
                        <PropertyValue Property="ResultSizeMaximum" Int="20000"/>
                    </Record>
                </Annotation>
                <Annotation Term="SAP__CodeList.SAP__DocumentDescription">
                    <Record>
                        <PropertyValue Property="Url" String="./$metadata"/>
                        <PropertyValue Property="CollectionPath" String="SAP__MyDocumentDescriptions"/>
                    </Record>
                </Annotation>
            </Annotations>
            <Annotations Target="cds_zsd_log_gasprodrep_yearly.SAP__Currency/CurrencyCode" xmlns="http://docs.oasis-open.org/odata/ns/edm">
                <Annotation Term="SAP__common.Text" Path="Text"/>
                <Annotation Term="SAP__common.UnitSpecificScale" Path="DecimalPlaces"/>
                <Annotation Term="SAP__CodeList.StandardCode" Path="ISOCode"/>
            </Annotations>
            <Annotations Target="cds_zsd_log_gasprodrep_yearly.SAP__UnitOfMeasure/UnitCode" xmlns="http://docs.oasis-open.org/odata/ns/edm">
                <Annotation Term="SAP__common.Text" Path="Text"/>
                <Annotation Term="SAP__common.UnitSpecificScale" Path="DecimalPlaces"/>
                <Annotation Term="SAP__CodeList.StandardCode" Path="ISOCode"/>
                <Annotation Term="SAP__CodeList.ExternalCode" Path="ExternalCode"/>
            </Annotations>
            <Annotations Target="cds_zsd_log_gasprodrep_yearly.SAP__UnitOfMeasure" xmlns="http://docs.oasis-open.org/odata/ns/edm">
                <Annotation Term="SAP__core.AlternateKeys">
                    <Collection>
                        <Record>
                            <PropertyValue Property="Key">
                                <Collection>
                                    <Record>
                                        <PropertyValue Property="Name" Path="ExternalCode"/>
                                        <PropertyValue Property="Alias" String="ExternalCode"/>
                                    </Record>
                                </Collection>
                            </PropertyValue>
                        </Record>
                    </Collection>
                </Annotation>
            </Annotations>
            <Annotations Target="cds_zsd_log_gasprodrep_yearly.SAP__DocumentDescription/CreatedBy" xmlns="http://docs.oasis-open.org/odata/ns/edm">
                <Annotation Term="SAP__core.Computed"/>
            </Annotations>
            <Annotations Target="cds_zsd_log_gasprodrep_yearly.SAP__DocumentDescription/CreatedAt" xmlns="http://docs.oasis-open.org/odata/ns/edm">
                <Annotation Term="SAP__core.Computed"/>
            </Annotations>
            <Annotations Target="cds_zsd_log_gasprodrep_yearly.SAP__DocumentDescription" xmlns="http://docs.oasis-open.org/odata/ns/edm">
                <Annotation Term="SAP__capabilties.InsertRestrictions">
                    <Record>
                        <PropertyValue Property="Insertable" Bool="false"/>
                    </Record>
                </Annotation>
                <Annotation Term="SAP__capabilties.UpdateRestrictions">
                    <Record>
                        <PropertyValue Property="Updatable" Bool="false"/>
                        <PropertyValue Property="QueryOptions">
                            <Record>
                                <PropertyValue Property="SelectSupported" Bool="true"/>
                            </Record>
                        </PropertyValue>
                    </Record>
                </Annotation>
                <Annotation Term="SAP__capabilties.DeleteRestrictions">
                    <Record>
                        <PropertyValue Property="Deletable" Bool="false"/>
                    </Record>
                </Annotation>
                <Annotation Term="SAP__capabilties.FilterRestrictions">
                    <Record>
                        <PropertyValue Property="FilterExpressionRestrictions">
                            <Collection>
                                <Record>
                                    <PropertyValue Property="Property" PropertyPath="Format/Orientation"/>
                                    <PropertyValue Property="AllowedExpressions" String="Multivalue"/>
                                </Record>
                                <Record>
                                    <PropertyValue Property="Property" PropertyPath="Format/PaperSize"/>
                                    <PropertyValue Property="AllowedExpressions" String="Multivalue"/>
                                </Record>
                            </Collection>
                        </PropertyValue>
                    </Record>
                </Annotation>
            </Annotations>
            <Annotations Target="cds_zsd_log_gasprodrep_yearly.SAP__Format/FitToPage/ErrorRecoveryBehavior" xmlns="http://docs.oasis-open.org/odata/ns/edm">
                <Annotation Term="SAP__common.ValueListReferences">
                    <Record>
                        <PropertyValue Property="Url" String="./$metadata"/>
                        <PropertyValue Property="CollectionPath" String="../../../../SAP__ValueHelpSet?$filter=VALUEHELP%20eq%20%27ErrorRecoveryBehaviour%27"/>
                    </Record>
                </Annotation>
                <Annotation Term="SAP__common.ValueListWithFixedValues"/>
            </Annotations>
            <Annotations Target="cds_zsd_log_gasprodrep_yearly.SAP__Format/FontName" xmlns="http://docs.oasis-open.org/odata/ns/edm">
                <Annotation Term="SAP__common.ValueListReferences">
                    <Record>
                        <PropertyValue Property="Url" String="./$metadata"/>
                        <PropertyValue Property="CollectionPath" String="SAP__ValueHelpSet?$filter=VALUEHELP%20eq%20%27FontName%27"/>
                    </Record>
                </Annotation>
                <Annotation Term="SAP__common.ValueListWithFixedValues"/>
            </Annotations>
            <Annotations Target="cds_zsd_log_gasprodrep_yearly.SAP__Format/PaperSize" xmlns="http://docs.oasis-open.org/odata/ns/edm">
                <Annotation Term="SAP__common.ValueListReferences">
                    <Record>
                        <PropertyValue Property="Url" String="./$metadata"/>
                        <PropertyValue Property="CollectionPath" String="SAP__ValueHelpSet?$filter=VALUEHELP%20eq%20%27PaperSize%27"/>
                    </Record>
                </Annotation>
                <Annotation Term="SAP__common.ValueListWithFixedValues"/>
            </Annotations>
            <Annotations Target="cds_zsd_log_gasprodrep_yearly.SAP__Format/Orientation" xmlns="http://docs.oasis-open.org/odata/ns/edm">
                <Annotation Term="SAP__common.ValueListReferences">
                    <Record>
                        <PropertyValue Property="Url" String="./$metadata"/>
                        <PropertyValue Property="CollectionPath" String="SAP__ValueHelpSet?$filter=VALUEHELP%20eq%20%27FontName%27"/>
                    </Record>
                </Annotation>
                <Annotation Term="SAP__common.ValueListWithFixedValues"/>
            </Annotations>
            <Annotations Target="cds_zsd_log_gasprodrep_yearly.SAP__TableColumns/HorizontalAlignment" xmlns="http://docs.oasis-open.org/odata/ns/edm">
                <Annotation Term="SAP__common.ValueListReferences">
                    <Record>
                        <PropertyValue Property="Url" String="./$metadata"/>
                        <PropertyValue Property="CollectionPath" String="SAP__ValueHelpSet?$filter=VALUEHELP%20eq%20%27HorizontalAlignment%27"/>
                    </Record>
                </Annotation>
                <Annotation Term="SAP__common.ValueListWithFixedValues"/>
            </Annotations>
            <atom:link rel="self" href="http://crsdevdfmap.crescenterp.local:8000/sap/opu/odata/sap/ZUI_LOG_GASPRODREP_YEARLY/$metadata" xmlns:atom="http://www.w3.org/2005/Atom"/>
            <atom:link rel="latest-version" href="http://crsdevdfmap.crescenterp.local:8000/sap/opu/odata/sap/ZUI_LOG_GASPRODREP_YEARLY/$metadata" xmlns:atom="http://www.w3.org/2005/Atom"/>
        </Schema>
    </edmx:DataServices>
</edmx:Edmx>