<?xml version="1.0" encoding="utf-8"?>
<edmx:Edmx Version="4.0" xmlns:edmx="http://docs.oasis-open.org/odata/ns/edmx">
    <edmx:Reference Uri="../../catalogservice;v=2/Vocabularies(TechnicalName='%2FIWBEP%2FVOC_COMMON',Version='0001',SAP__Origin='')/$value">
        <edmx:Include Namespace="com.sap.vocabularies.Common.v1" Alias="Common"/>
    </edmx:Reference>
    <edmx:Reference Uri="../../catalogservice;v=2/Vocabularies(TechnicalName='%2FIWBEP%2FVOC_UI',Version='0001',SAP__Origin='')/$value">
        <edmx:Include Namespace="com.sap.vocabularies.UI.v1" Alias="UI"/>
    </edmx:Reference>
    <edmx:Reference Uri="../../catalogservice;v=2/Vocabularies(TechnicalName='%2FIWBEP%2FVOC_COMMUNICATION',Version='0001',SAP__Origin='')/$value">
        <edmx:Include Namespace="com.sap.vocabularies.Communication.v1" Alias="Communication"/>
    </edmx:Reference>
    <edmx:Reference Uri="../../catalogservice;v=2/Vocabularies(TechnicalName='%2FIWBEP%2FVOC_PERSONALDATA',Version='0001',SAP__Origin='')/$value">
        <edmx:Include Namespace="com.sap.vocabularies.PersonalData.v1" Alias="PersonalData"/>
    </edmx:Reference>
    <edmx:Reference Uri="../../catalogservice;v=2/Vocabularies(TechnicalName='%2FIWBEP%2FVOC_VALIDATION',Version='0001',SAP__Origin='')/$value">
        <edmx:Include Namespace="Org.OData.Validation.V1" Alias="Validation"/>
    </edmx:Reference>
    <edmx:Reference Uri="../../catalogservice;v=2/Vocabularies(TechnicalName='%2FIWBEP%2FVOC_ANALYTICS',Version='0001',SAP__Origin='')/$value">
        <edmx:Include Namespace="com.sap.vocabularies.Analytics.v1" Alias="Analytics"/>
    </edmx:Reference>
    <edmx:Reference Uri="../../catalogservice;v=2/Vocabularies(TechnicalName='%2FIWBEP%2FVOC_HTML5',Version='0001',SAP__Origin='')/$value">
        <edmx:Include Namespace="com.sap.vocabularies.HTML5.v1" Alias="HTML5"/>
    </edmx:Reference>
    <edmx:Reference Uri="../../../sap/zui_log_gasprodrep_yearly/$metadata">
        <edmx:Include Namespace="ZUI_LOG_GASPRODREP_YEARLY" Alias="SAP"/>
    </edmx:Reference>
    <edmx:DataServices>
        <Schema Namespace="zui_log_gasprodrep_yearly_van.v1" xmlns="http://docs.oasis-open.org/odata/ns/edm">
            <Annotations Target="cds_zsd_log_gasprodrep_yearly.Print2Type/p_contract">
                <Annotation Term="UI.Hidden"/>
            </Annotations>
            <Annotations Target="cds_zsd_log_gasprodrep_yearly.Print2Type/p_year">
                <Annotation Term="UI.Hidden"/>
            </Annotations>
            <Annotations Target="cds_zsd_log_gasprodrep_yearly.GenerateType/p_contract">
                <Annotation Term="UI.Hidden"/>
            </Annotations>
            <Annotations Target="cds_zsd_log_gasprodrep_yearly.GenerateType/p_year">
                <Annotation Term="UI.Hidden"/>
            </Annotations>
            <Annotations Target="cds_zsd_log_gasprodrep_yearly.Print1Type/p_contract">
                <Annotation Term="UI.Hidden"/>
            </Annotations>
            <Annotations Target="cds_zsd_log_gasprodrep_yearly.Print1Type/p_year">
                <Annotation Term="UI.Hidden"/>
            </Annotations>
            <Annotations Target="cds_zsd_log_gasprodrep_yearly.reviseType/p_contract">
                <Annotation Term="UI.Hidden"/>
            </Annotations>
            <Annotations Target="cds_zsd_log_gasprodrep_yearly.reviseType/p_year">
                <Annotation Term="UI.Hidden"/>
            </Annotations>
            <Annotations Target="cds_zsd_log_gasprodrep_yearly.yearlyType/SALES_QTY_BTU">
                <Annotation Term="UI.Hidden"/>
            </Annotations>
            <Annotations Target="cds_zsd_log_gasprodrep_yearly.yearlyType/GenerateEnable">
                <Annotation Term="UI.Hidden"/>
            </Annotations>
            <Annotations Target="cds_zsd_log_gasprodrep_yearly.yearlyType/ReviseEnable">
                <Annotation Term="UI.Hidden"/>
            </Annotations>
            <Annotations Target="cds_zsd_log_gasprodrep_yearly.yearlyType/Print1Enable">
                <Annotation Term="UI.Hidden"/>
            </Annotations>
            <Annotations Target="cds_zsd_log_gasprodrep_yearly.yearlyType/Print2Enable">
                <Annotation Term="UI.Hidden"/>
            </Annotations>
            <Annotations Target="cds_zsd_log_gasprodrep_yearly.yearlyType">
                <Annotation Term="UI.Facets">
                    <Collection>
                        <Record Type="UI.ReferenceFacet">
                            <PropertyValue Property="Label" String="Approval Status"/>
                            <PropertyValue Property="ID" String="AprSta"/>
                            <PropertyValue Property="Target" AnnotationPath="to_apr_stat/@UI.Identification"/>
                        </Record>
                        <Record Type="UI.ReferenceFacet">
                            <PropertyValue Property="Label" String="Status"/>
                            <PropertyValue Property="ID" String="Status"/>
                            <PropertyValue Property="Target" AnnotationPath="to_status/@UI.LineItem"/>
                        </Record>
                        <Record Type="UI.ReferenceFacet">
                            <PropertyValue Property="Label" String="Sales Gas production Report (Annual)"/>
                            <PropertyValue Property="ID" String="YearlyRep"/>
                            <PropertyValue Property="Target" AnnotationPath="@UI.Identification"/>
                        </Record>
                    </Collection>
                </Annotation>
                <Annotation Term="UI.HeaderInfo">
                    <Record>
                        <PropertyValue Property="TypeName" String="Annual Production Report - Gas Sales"/>
                        <PropertyValue Property="TypeNamePlural" String="Annual Production Report - Gas Sales"/>
                        <PropertyValue Property="Title">
                            <Record Type="UI.DataField">
                                <PropertyValue Property="Label" String="Annual Production Report - Gas Sales"/>
                                <PropertyValue Property="Value" String="">
                                    <Annotation Term="Core.Messages">
                                        <Collection>
                                            <Record>
                                                <PropertyValue Property="code" String="SADL_GW_EXP_VOCAN-001"/>
                                                <PropertyValue Property="message" String="Property 'Annual' of annotation 'UI.HEADERINFO.TITLE' in proj./view 'yearly' not found"/>
                                                <PropertyValue Property="severity" String="error"/>
                                            </Record>
                                        </Collection>
                                    </Annotation>
                                </PropertyValue>
                            </Record>
                        </PropertyValue>
                    </Record>
                </Annotation>
                <Annotation Term="UI.Identification">
                    <Collection>
                        <Record Type="UI.DataField">
                            <PropertyValue Property="Label" String="Annual Contract Quantity in MMSCF"/>
                            <PropertyValue Property="Value" Path="CQMMSCF"/>
                        </Record>
                        <Record Type="UI.DataField">
                            <PropertyValue Property="Label" String="Annual Quantity of Gas delivered in MMSCF"/>
                            <PropertyValue Property="Value" Path="DELIVERED_QTY"/>
                        </Record>
                        <Record Type="UI.DataField">
                            <PropertyValue Property="Label" String="Annual Quantity of Sales Gas delivered in MMSCF"/>
                            <PropertyValue Property="Value" Path="SALES_QTY"/>
                        </Record>
                        <Record Type="UI.DataField">
                            <PropertyValue Property="Label" String="Annual Quantity of Sales Gas delivered in MMBTU"/>
                            <PropertyValue Property="Value" Path="SALES_QTY_BTU"/>
                        </Record>
                        <Record Type="UI.DataField">
                            <PropertyValue Property="Label" String="Annual Seller Shortfall in MMSCF"/>
                            <PropertyValue Property="Value" Path="SHORTFALL"/>
                        </Record>
                        <Record Type="UI.DataField">
                            <PropertyValue Property="Label" String="Annual Quantities of Sales Gas not achieved due to Force Majeure in MMSCF"/>
                            <PropertyValue Property="Value" Path="QTYFM"/>
                        </Record>
                        <Record Type="UI.DataField">
                            <PropertyValue Property="Label" String="Annual Quantities of Sales Gas not achieved due to Scheduled Maintenance in MMSCF"/>
                            <PropertyValue Property="Value" Path="QTYSM"/>
                        </Record>
                        <Record Type="UI.DataField">
                            <PropertyValue Property="Label" String="Annual Quantities of Sales Gas not achieved due to Offspec Gas in MMSCF"/>
                            <PropertyValue Property="Value" Path="QTYOG"/>
                        </Record>
                        <Record Type="UI.DataField">
                            <PropertyValue Property="Label" String="Minimum Annual Quantity in MMSCF"/>
                            <PropertyValue Property="Value" Path="MAQMMSCF"/>
                        </Record>
                        <Record Type="UI.DataField">
                            <PropertyValue Property="Label" String="Annual Average Contract Price in USD/MMBTU"/>
                            <PropertyValue Property="Value" Path="ACP"/>
                        </Record>
                        <Record Type="UI.DataField">
                            <PropertyValue Property="Label" String="Take or Pay Quantity in MMSCF"/>
                            <PropertyValue Property="Value" Path="TPQ"/>
                        </Record>
                        <Record Type="UI.DataField">
                            <PropertyValue Property="Label" String="Take or Pay Payment in USD"/>
                            <PropertyValue Property="Value" Path="TPP"/>
                        </Record>
                        <Record Type="UI.DataField">
                            <PropertyValue Property="Label" String="Make up Quantity at the beginning of the Year in MMSCF"/>
                            <PropertyValue Property="Value" Path="BMQMMSCF"/>
                        </Record>
                        <Record Type="UI.DataField">
                            <PropertyValue Property="Label" String="Make up Quantity at the beginning of the Year in MMBTU"/>
                            <PropertyValue Property="Value" Path="BMQMMBTU"/>
                        </Record>
                        <Record Type="UI.DataField">
                            <PropertyValue Property="Label" String="Make up Quantity taken by buyer during the contract period in MMSCF"/>
                            <PropertyValue Property="Value" Path="DMQMMSCF"/>
                        </Record>
                        <Record Type="UI.DataField">
                            <PropertyValue Property="Label" String="Make up Quantity taken by buyer during the contract period in MMBTU"/>
                            <PropertyValue Property="Value" Path="DMQMMBTU"/>
                        </Record>
                        <Record Type="UI.DataField">
                            <PropertyValue Property="Label" String="Average GHV for the period in BTU/SCF"/>
                            <PropertyValue Property="Value" Path="AVGGHV"/>
                        </Record>
                    </Collection>
                </Annotation>
                <Annotation Term="UI.LineItem">
                    <Collection>
                        <Record Type="UI.DataField">
                            <PropertyValue Property="Label" String="Contract"/>
                            <PropertyValue Property="Value" Path="VBELN"/>
                        </Record>
                        <Record Type="UI.DataField">
                            <PropertyValue Property="Label" String="Year"/>
                            <PropertyValue Property="Value" Path="ZYEAR"/>
                        </Record>
                        <Record Type="UI.DataField">
                            <PropertyValue Property="Label" String="Annual Contract Quantity in MMSCF"/>
                            <PropertyValue Property="Value" Path="CQMMSCF"/>
                        </Record>
                        <Record Type="UI.DataField">
                            <PropertyValue Property="Label" String="Annual Quantity of Gas delivered in MMSCF"/>
                            <PropertyValue Property="Value" Path="DELIVERED_QTY"/>
                        </Record>
                        <Record Type="UI.DataField">
                            <PropertyValue Property="Label" String="Annual Quantity of Sales Gas delivered in MMSCF"/>
                            <PropertyValue Property="Value" Path="SALES_QTY"/>
                        </Record>
                        <Record Type="UI.DataField">
                            <PropertyValue Property="Label" String="Annual Quantity of Sales Gas delivered in MMBTU"/>
                            <PropertyValue Property="Value" Path="SALES_QTY_BTU"/>
                        </Record>
                        <Record Type="UI.DataField">
                            <PropertyValue Property="Label" String="Annual Seller Shortfall in MMSCF"/>
                            <PropertyValue Property="Value" Path="SHORTFALL"/>
                        </Record>
                        <Record Type="UI.DataField">
                            <PropertyValue Property="Label" String="Annual Quantities of Sales Gas not achieved due to Force Majeure in MMSCF"/>
                            <PropertyValue Property="Value" Path="QTYFM"/>
                        </Record>
                        <Record Type="UI.DataField">
                            <PropertyValue Property="Label" String="Annual Quantities of Sales Gas not achieved due to Scheduled Maintenance in MMSCF"/>
                            <PropertyValue Property="Value" Path="QTYSM"/>
                        </Record>
                        <Record Type="UI.DataField">
                            <PropertyValue Property="Label" String="Annual Quantities of Sales Gas not achieved due to Offspec Gas in MMSCF"/>
                            <PropertyValue Property="Value" Path="QTYOG"/>
                        </Record>
                        <Record Type="UI.DataField">
                            <PropertyValue Property="Label" String="Minimum Annual Quantity in MMSCF"/>
                            <PropertyValue Property="Value" Path="MAQMMSCF"/>
                        </Record>
                        <Record Type="UI.DataField">
                            <PropertyValue Property="Label" String="Annual Average Contract Price in USD/MMBTU"/>
                            <PropertyValue Property="Value" Path="ACP"/>
                        </Record>
                        <Record Type="UI.DataField">
                            <PropertyValue Property="Label" String="Take or Pay Quantity in MMSCF"/>
                            <PropertyValue Property="Value" Path="TPQ"/>
                        </Record>
                        <Record Type="UI.DataField">
                            <PropertyValue Property="Label" String="Take or Pay Payment in USD"/>
                            <PropertyValue Property="Value" Path="TPP"/>
                        </Record>
                        <Record Type="UI.DataField">
                            <PropertyValue Property="Label" String="Make up Quantity at the beginning of the Year in MMSCF"/>
                            <PropertyValue Property="Value" Path="BMQMMSCF"/>
                        </Record>
                        <Record Type="UI.DataField">
                            <PropertyValue Property="Label" String="Make up Quantity at the beginning of the Year in MMBTU"/>
                            <PropertyValue Property="Value" Path="BMQMMBTU"/>
                        </Record>
                        <Record Type="UI.DataField">
                            <PropertyValue Property="Label" String="Make up Quantity taken by buyer during the contract period in MMSCF"/>
                            <PropertyValue Property="Value" Path="DMQMMSCF"/>
                        </Record>
                        <Record Type="UI.DataField">
                            <PropertyValue Property="Label" String="Make up Quantity taken by buyer during the contract period in MMBTU"/>
                            <PropertyValue Property="Value" Path="DMQMMBTU"/>
                        </Record>
                        <Record Type="UI.DataField">
                            <PropertyValue Property="Label" String="Average GHV for the period in BTU/SCF"/>
                            <PropertyValue Property="Value" Path="AVGGHV"/>
                        </Record>
                    </Collection>
                </Annotation>
                <Annotation Term="UI.PresentationVariant">
                    <Record>
                        <PropertyValue Property="SortOrder">
                            <Collection>
                                <Record Type="Common.SortOrderType">
                                    <PropertyValue Property="Property" PropertyPath="VBELN"/>
                                    <PropertyValue Property="Descending" Bool="false"/>
                                </Record>
                            </Collection>
                        </PropertyValue>
                    </Record>
                </Annotation>
                <Annotation Term="UI.SelectionFields">
                    <Collection>
                        <PropertyPath>VBELN</PropertyPath>
                        <PropertyPath>ZYEAR</PropertyPath>
                    </Collection>
                </Annotation>
            </Annotations>
            <Annotations Target="cds_zsd_log_gasprodrep_yearly.apr_statType/Vbeln">
                <Annotation Term="UI.Hidden"/>
            </Annotations>
            <Annotations Target="cds_zsd_log_gasprodrep_yearly.apr_statType/prstatus">
                <Annotation Term="UI.Hidden"/>
            </Annotations>
            <Annotations Target="cds_zsd_log_gasprodrep_yearly.apr_statType">
                <Annotation Term="UI.Facets">
                    <Collection>
                        <Record Type="UI.ReferenceFacet">
                            <PropertyValue Property="ID" String="AprSta"/>
                            <PropertyValue Property="Target" AnnotationPath="@UI.Identification"/>
                        </Record>
                    </Collection>
                </Annotation>
                <Annotation Term="UI.HeaderInfo">
                    <Record>
                        <PropertyValue Property="TypeName" String="Status"/>
                        <PropertyValue Property="TypeNamePlural" String="Approval Status"/>
                        <PropertyValue Property="Title">
                            <Record Type="UI.DataField">
                                <PropertyValue Property="Value" String="">
                                    <Annotation Term="Core.Messages">
                                        <Collection>
                                            <Record>
                                                <PropertyValue Property="code" String="SADL_GW_EXP_VOCAN-001"/>
                                                <PropertyValue Property="message" String="Property 'Status' of annotation 'UI.HEADERINFO.TITLE' in proj./view 'apr_stat' not found"/>
                                                <PropertyValue Property="severity" String="error"/>
                                            </Record>
                                        </Collection>
                                    </Annotation>
                                </PropertyValue>
                            </Record>
                        </PropertyValue>
                    </Record>
                </Annotation>
                <Annotation Term="UI.Identification">
                    <Collection>
                        <Record Type="UI.DataField">
                            <PropertyValue Property="Label" String="APR Year"/>
                            <PropertyValue Property="Value" Path="Zyear"/>
                        </Record>
                        <Record Type="UI.DataField">
                            <PropertyValue Property="Label" String="From Date"/>
                            <PropertyValue Property="Value" Path="FromDate"/>
                        </Record>
                        <Record Type="UI.DataField">
                            <PropertyValue Property="Label" String="To Date"/>
                            <PropertyValue Property="Value" Path="ToDate"/>
                        </Record>
                        <Record Type="UI.DataField">
                            <PropertyValue Property="Label" String="APR Status"/>
                            <PropertyValue Property="Value" Path="StatusDesc"/>
                        </Record>
                    </Collection>
                </Annotation>
                <Annotation Term="UI.LineItem">
                    <Collection>
                        <Record Type="UI.DataField">
                            <PropertyValue Property="Label" String="APR Year"/>
                            <PropertyValue Property="Value" Path="Zyear"/>
                        </Record>
                        <Record Type="UI.DataField">
                            <PropertyValue Property="Label" String="From Date"/>
                            <PropertyValue Property="Value" Path="FromDate"/>
                        </Record>
                        <Record Type="UI.DataField">
                            <PropertyValue Property="Label" String="To Date"/>
                            <PropertyValue Property="Value" Path="ToDate"/>
                        </Record>
                        <Record Type="UI.DataField">
                            <PropertyValue Property="Label" String="APR Status"/>
                            <PropertyValue Property="Value" Path="StatusDesc"/>
                        </Record>
                    </Collection>
                </Annotation>
            </Annotations>
            <Annotations Target="cds_zsd_log_gasprodrep_yearly.statusType/Vbeln">
                <Annotation Term="UI.Hidden"/>
            </Annotations>
            <Annotations Target="cds_zsd_log_gasprodrep_yearly.statusType/Prtype">
                <Annotation Term="UI.Hidden"/>
            </Annotations>
            <Annotations Target="cds_zsd_log_gasprodrep_yearly.statusType/Zyear">
                <Annotation Term="UI.Hidden"/>
            </Annotations>
            <Annotations Target="cds_zsd_log_gasprodrep_yearly.statusType/Status">
                <Annotation Term="UI.Hidden"/>
            </Annotations>
            <Annotations Target="cds_zsd_log_gasprodrep_yearly.statusType">
                <Annotation Term="UI.Facets">
                    <Collection>
                        <Record Type="UI.ReferenceFacet">
                            <PropertyValue Property="Label" String="Status"/>
                            <PropertyValue Property="ID" String="Status"/>
                            <PropertyValue Property="Target" AnnotationPath="@UI.Identification"/>
                        </Record>
                    </Collection>
                </Annotation>
                <Annotation Term="UI.Identification">
                    <Collection>
                        <Record Type="UI.DataField">
                            <PropertyValue Property="Label" String="Approval Level"/>
                            <PropertyValue Property="Value" Path="AppLevel"/>
                        </Record>
                        <Record Type="UI.DataField">
                            <PropertyValue Property="Label" String="User Name"/>
                            <PropertyValue Property="Value" Path="UserName"/>
                        </Record>
                        <Record Type="UI.DataField">
                            <PropertyValue Property="Label" String="Status"/>
                            <PropertyValue Property="Value" Path="StatusDesc"/>
                        </Record>
                        <Record Type="UI.DataField">
                            <PropertyValue Property="Label" String="Comments"/>
                            <PropertyValue Property="Value" Path="Comments"/>
                        </Record>
                    </Collection>
                </Annotation>
                <Annotation Term="UI.LineItem">
                    <Collection>
                        <Record Type="UI.DataField">
                            <PropertyValue Property="Label" String="Approval Level"/>
                            <PropertyValue Property="Value" Path="AppLevel"/>
                        </Record>
                        <Record Type="UI.DataField">
                            <PropertyValue Property="Label" String="User Name"/>
                            <PropertyValue Property="Value" Path="UserName"/>
                        </Record>
                        <Record Type="UI.DataField">
                            <PropertyValue Property="Label" String="Status"/>
                            <PropertyValue Property="Value" Path="StatusDesc"/>
                        </Record>
                        <Record Type="UI.DataField">
                            <PropertyValue Property="Label" String="Comments"/>
                            <PropertyValue Property="Value" Path="Comments"/>
                        </Record>
                    </Collection>
                </Annotation>
            </Annotations>
        </Schema>
    </edmx:DataServices>
</edmx:Edmx>