<?xml version="1.0" encoding="utf-8"?>
<edmx:Edmx Version="1.0" xmlns:edmx="http://schemas.microsoft.com/ado/2007/06/edmx" xmlns:m="http://schemas.microsoft.com/ado/2007/08/dataservices/metadata" xmlns:sap="http://www.sap.com/Protocols/SAPData">
    <edmx:DataServices m:DataServiceVersion="2.0">
        <Schema Namespace="ZGW_GASPR_NOMINATION_SRV" xml:lang="en" sap:schema-version="1" xmlns="http://schemas.microsoft.com/ado/2008/09/edm">
            <Annotation Term="Core.SchemaVersion" String="1.0.0" xmlns="http://docs.oasis-open.org/odata/ns/edm"/>
            <EntityType Name="Nomination" sap:content-version="1">
                <Key>
                    <PropertyRef Name="Vbeln"/>
                    <PropertyRef Name="Zdate"/>
                </Key>
                <Property Name="DisplayAuth" Type="Edm.String" Nullable="false" MaxLength="1" sap:unicode="false" sap:label="Boolean Variable (X = True, - = False, Space = Unknown)" sap:creatable="false" sap:updatable="false" sap:sortable="false" sap:filterable="false"/>
                <Property Name="Auth" Type="Edm.String" Nullable="false" MaxLength="1" sap:unicode="false" sap:label="Single-Character Flag" sap:creatable="false" sap:updatable="false" sap:sortable="false" sap:filterable="false"/>
                <Property Name="Vbeln" Type="Edm.String" Nullable="false" MaxLength="10" sap:unicode="false" sap:label="SD Document" sap:creatable="false" sap:updatable="false" sap:sortable="false" sap:filterable="false"/>
                <Property Name="Dcq" Type="Edm.Decimal" Nullable="false" Precision="15" Scale="3" sap:unicode="false" sap:unit="DcqUom" sap:label="Daily Contract Quantity" sap:creatable="false" sap:updatable="false" sap:sortable="false" sap:filterable="false"/>
                <Property Name="Ztims" Type="Edm.Time" Nullable="false" Precision="0" sap:unicode="false" sap:label="Time" sap:creatable="false" sap:updatable="false" sap:sortable="false" sap:filterable="false"/>
                <Property Name="Changepastrec" Type="Edm.String" Nullable="false" MaxLength="1" sap:unicode="false" sap:label="Boolean Variable (X = True, - = False, Space = Unknown)" sap:creatable="false" sap:updatable="false" sap:sortable="false" sap:filterable="false"/>
                <Property Name="Zdate" Type="Edm.DateTime" Nullable="false" Precision="7" sap:unicode="false" sap:label="Date" sap:creatable="false" sap:updatable="false" sap:sortable="false" sap:filterable="false"/>
                <Property Name="Todate" Type="Edm.DateTime" Nullable="false" Precision="7" sap:unicode="false" sap:label="Date" sap:creatable="false" sap:updatable="false" sap:sortable="false" sap:filterable="false"/>
                <Property Name="DcqUom" Type="Edm.String" Nullable="false" MaxLength="3" sap:unicode="false" sap:label="Daily Contract Quantity (Unit)" sap:creatable="false" sap:updatable="false" sap:sortable="false" sap:filterable="false" sap:semantics="unit-of-measure"/>
                <Property Name="Pstation1" Type="Edm.Decimal" Nullable="false" Precision="13" Scale="0" sap:unicode="false" sap:label="Erbil Power Station" sap:creatable="false" sap:updatable="false" sap:sortable="false" sap:filterable="false"/>
                <Property Name="Totime" Type="Edm.Time" Nullable="false" Precision="0" sap:unicode="false" sap:label="Time" sap:creatable="false" sap:updatable="false" sap:sortable="false" sap:filterable="false"/>
                <Property Name="Pstation2" Type="Edm.Decimal" Nullable="false" Precision="13" Scale="0" sap:unicode="false" sap:label="End User: KAR" sap:creatable="false" sap:updatable="false" sap:sortable="false" sap:filterable="false"/>
                <Property Name="Pstation3" Type="Edm.Decimal" Nullable="false" Precision="13" Scale="0" sap:unicode="false" sap:label="Chemchemal P Station" sap:creatable="false" sap:updatable="false" sap:sortable="false" sap:filterable="false"/>
                <Property Name="Pstation4" Type="Edm.Decimal" Nullable="false" Precision="13" Scale="0" sap:unicode="false" sap:label="Baizan Power Station" sap:creatable="false" sap:updatable="false" sap:sortable="false" sap:filterable="false"/>
                <Property Name="Propernom" Type="Edm.Decimal" Nullable="false" Precision="13" Scale="0" sap:unicode="false" sap:label="Proper Nomination" sap:creatable="false" sap:updatable="false" sap:sortable="false" sap:filterable="false"/>
                <Property Name="Correctednom" Type="Edm.Decimal" Nullable="false" Precision="13" Scale="0" sap:unicode="false" sap:label="Corrected Nomination" sap:creatable="false" sap:updatable="false" sap:sortable="false" sap:filterable="false"/>
                <Property Name="Sellshort" Type="Edm.Decimal" Nullable="false" Precision="13" Scale="3" sap:unicode="false" sap:label="Seller Shortfall" sap:creatable="false" sap:updatable="false" sap:sortable="false" sap:filterable="false"/>
                <Property Name="Quntmaint" Type="Edm.Decimal" Nullable="false" Precision="13" Scale="3" sap:unicode="false" sap:label="Qty Missed Maintenan" sap:creatable="false" sap:updatable="false" sap:sortable="false" sap:filterable="false"/>
                <Property Name="Qunatfm" Type="Edm.Decimal" Nullable="false" Precision="13" Scale="3" sap:unicode="false" sap:label="Quantity not achieve" sap:creatable="false" sap:updatable="false" sap:sortable="false" sap:filterable="false"/>
                <Property Name="Qunstoffspec" Type="Edm.Decimal" Nullable="false" Precision="13" Scale="3" sap:unicode="false" sap:label="Qty not achieved" sap:creatable="false" sap:updatable="false" sap:sortable="false" sap:filterable="false"/>
                <Property Name="ShortFall" Type="Edm.String" Nullable="false" MaxLength="1" sap:unicode="false" sap:label="Shortfall Category" sap:creatable="false" sap:updatable="false" sap:sortable="false" sap:filterable="false"/>
                <Property Name="PropernomFlag" Type="Edm.String" Nullable="false" MaxLength="1" sap:unicode="false" sap:label="Boolean Variable (X = True, - = False, Space = Unknown)" sap:creatable="false" sap:updatable="false" sap:sortable="false" sap:filterable="false"/>
                <Property Name="EditFlag" Type="Edm.String" Nullable="false" MaxLength="1" sap:unicode="false" sap:label="Boolean Variable (X = True, - = False, Space = Unknown)" sap:creatable="false" sap:updatable="false" sap:sortable="false" sap:filterable="false"/>
            </EntityType>
            <EntityContainer Name="ZGW_GASPR_NOMINATION_SRV_Entities" m:IsDefaultEntityContainer="true" sap:supported-formats="atom json xlsx">
                <EntitySet Name="NominationSet" EntityType="ZGW_GASPR_NOMINATION_SRV.Nomination" sap:creatable="false" sap:updatable="false" sap:deletable="false" sap:pageable="false" sap:addressable="false" sap:content-version="1"/>
            </EntityContainer>
            <atom:link rel="self" href="http://crsdevdfmap.crescenterp.local:8000/sap/opu/odata/sap/ZGW_GASPR_NOMINATION_SRV/$metadata" xmlns:atom="http://www.w3.org/2005/Atom"/>
            <atom:link rel="latest-version" href="http://crsdevdfmap.crescenterp.local:8000/sap/opu/odata/sap/ZGW_GASPR_NOMINATION_SRV/$metadata" xmlns:atom="http://www.w3.org/2005/Atom"/>
        </Schema>
    </edmx:DataServices>
</edmx:Edmx>