{
  "test/locate-reuse-libs.js": 1708315931771,
  "model/models-dbg.js": 1708081236000,
  "model/models.js": 1708081236000,
  "i18n/i18n.properties": 1710261677364,
  "model/models-dbg-dbg.js": 1708081236000,
  "localService/mockserver.js": 1708081236000,
  "localService/mockserver-dbg.js": 1708081236000,
  "controller/App.controller.js": 1725810004079,
  "manifest.json": 1708505476913,
  "Component.js": 1708398742700,
  "localService/mockserver.js.map": 1725810190085,
  "localService/mockserver-dbg.js.map": 1725810190078,
  "model/models.js.map": 1725810190083,
  "model/models-dbg.js.map": 1725810190086,
  "test/locate-reuse-libs-dbg.js": 1708315931771,
  "test/locate-reuse-libs.js.map": 1725810190098,
  "model/models-dbg-dbg-dbg.js": 1708081236000,
  "model/models-dbg-dbg.js.map": 1725810189814,
  "localService/mockserver-dbg-dbg.js": 1708081236000,
  "controller/App-dbg.controller.js": 1725810004079,
  "controller/App.controller.js.map": 1725810190126,
  "Component-dbg.js": 1708398742700,
  "Component.js.map": 1725810190062,
  "Component-preload.js": 1725810190796,
  "Component-preload.js.map": 1725810190797,
  "localService/ZUI_UHAM_DPR_MGMNT/metadata.xml": 1708081236000,
  "localService/ZUI_UHAM_DPR_MGMNT/ZUI_UHAM_DPR_MGMNT_Annotation.xml": 1708081236000,
  "localService/mainService/metadata.xml": 1708081236000,
  "view/App.view.xml": 1725254910775,
  "test/flpSandboxMockServer.html": 1708315931791,
  "test/flpSandbox.html": 1708315931787,
  "css/style.css": 1708081234000,
  "annotations/annotation0.xml": 1708081232000,
  "index.html": 1708315931771
}