<core:FragmentDefinition
	xmlns="sap.ui.comp.valuehelpdialog"
	xmlns:m="sap.m"
	xmlns:fb="sap.ui.comp.filterbar"
	xmlns:core="sap.ui.core">
	<ValueHelpDialog
		title="Product"
		ok=".onValueHelpOkPress"
		cancel=".onValueHelpCancelPress"
		supportMultiselect="false"
		supportRanges="false"
		key="SalesDocument"
		descriptionKey="SalesDocument">
		<filterBar>
			<fb:FilterBar advancedMode="true" search=".onFilterBarSearch" isRunningInValueHelpDialog="true">
				<fb:filterGroupItems>
					<fb:FilterGroupItem
						groupName="__$INTERNAL$"
						name="SalesDocument"
						label="Sales Document"
						visibleInFilterBar="true">
						<fb:control>
							<m:Input name="SalesDocument" />
						</fb:control>
					</fb:FilterGroupItem>
					<fb:FilterGroupItem
						groupName="__$INTERNAL$"
						name="SalesDocumentType"
						label="Sales Document Type"
						visibleInFilterBar="true">
						<fb:control>
							<m:Input name="SalesDocumentType" />
						</fb:control>
					</fb:FilterGroupItem>
                    <fb:FilterGroupItem
						groupName="__$INTERNAL$"
						name="SalesOrganization"
						label="Sales Orgnaization"
						visibleInFilterBar="true">
						<fb:control>
							<m:Input name="SalesOrganization" />
						</fb:control>
					</fb:FilterGroupItem>
				</fb:filterGroupItems>
			</fb:FilterBar>
		</filterBar>
	</ValueHelpDialog>
</core:FragmentDefinition>
